sample_id,cycle,G1,G2,G3,crack_length,,,cycle2,G1,G2,G3,crack_length,,,cycle3,G1,G2,G3,crack_length,,crack_length3,,G1_2
0,59000,0.000683582,0.00069276,0.000694748,0.001152701,,,45500,0.000675488,0.000691835,0.000695437,0.001546099,,,45500,0.000675488,0.000691835,0.000695437,0.001546099,,2.944950476,,675.488
1,58000,0.00068261,0.000692651,0.00069483,0.001206379,,,49000,0.000678852,0.000692225,0.00069515,0.001395433,,,49000,0.000678852,0.000692225,0.00069515,0.001395433,,3.986951429,,678.852
2,65500,0.000685853,0.000693013,0.000694556,0.00101668,,,49500,0.000681941,0.000692576,0.000694887,0.00124206,,,49500,0.000681941,0.000692576,0.000694887,0.00124206,,4.731657143,,681.941
3,60000,0.000682375,0.000692625,0.00069485,0.001219036,,,49500,0.000676908,0.000692,0.000695316,0.001484249,,,50500,0.000680003,0.000692356,0.000695052,0.001340243,,6.382109524,,680.003
4,66500,0.00068602,0.000693031,0.000694542,0.001005965,,,50500,0.000680003,0.000692356,0.000695052,0.001340243,,,51500,0.000681482,0.000692524,0.000694926,0.001265954,,7.234022857,,681.482
5,61500,0.000683597,0.000692762,0.000694747,0.001151809,,,50500,0.000679912,0.000692346,0.000695059,0.001344693,,,52000,0.000680889,0.000692457,0.000694976,0.001296204,,8.64136,,680.889
6,63500,0.000685784,0.000693005,0.000694562,0.001021056,,,50500,0.000679976,0.000692353,0.000695054,0.001341524,,,52500,0.000682011,0.000692584,0.000694881,0.001238333,,9.434918095,,682.011
7,59500,0.000684842,0.000692901,0.000694641,0.00107926,,,51500,0.000681482,0.000692524,0.000694926,0.001265954,,,53000,0.000682301,0.000692617,0.000694856,0.001222969,,10.48259143,,682.301
8,62500,0.000684747,0.00069289,0.000694649,0.001084953,,,51500,0.000680498,0.000692413,0.000695009,0.001315808,,,53500,0.000681821,0.000692563,0.000694897,0.001248325,,11.88880952,,681.821
9,55500,0.00068232,0.000692619,0.000694855,0.001221963,,,51500,0.000679598,0.00069231,0.000695086,0.001359877,,,54000,0.000683202,0.000692718,0.00069478,0.001173959,,12.2986181,,683.202
10,63000,0.00068494,0.000692912,0.000694633,0.001073363,,,52000,0.000680889,0.000692457,0.000694976,0.001296204,,,54500,0.000682295,0.000692616,0.000694857,0.001223269,,13.98021714,,682.295
11,63000,0.000684151,0.000692824,0.0006947,0.001120106,,,52500,0.000682011,0.000692584,0.000694881,0.001238333,,,55000,0.000680847,0.000692452,0.00069498,0.001298324,,16.07448762,,680.847
12,60500,0.000684882,0.000692905,0.000694638,0.001076839,,,52500,0.000682439,0.000692632,0.000694845,0.001215578,,,55500,0.00068232,0.000692619,0.000694855,0.001221963,,16.29284,,682.32
13,67500,0.000685769,0.000693004,0.000694563,0.001021968,,,52500,0.000680199,0.000692379,0.000695035,0.001330613,,,56000,0.000681876,0.000692569,0.000694892,0.001245446,,17.79208571,,681.876
14,60500,0.000684267,0.000692837,0.00069469,0.001113361,,,52500,0.000681853,0.000692566,0.000694894,0.001246657,,,56500,0.000683187,0.000692716,0.000694781,0.001174791,,17.90157714,,683.187
15,67500,0.000685362,0.000692959,0.000694597,0.001047535,,,53000,0.000682301,0.000692617,0.000694856,0.001222969,,,57000,0.000682963,0.000692691,0.0006948,0.001187116,,19.21997333,,682.963
16,54500,0.000682295,0.000692616,0.000694857,0.001223269,,,53000,0.000681508,0.000692527,0.000694924,0.00126461,,,57500,0.000683214,0.000692719,0.000694779,0.001173275,,20.11328571,,683.214
17,61000,0.000685917,0.00069302,0.00069455,0.001012562,,,53000,0.000681624,0.00069254,0.000694914,0.001258589,,,58000,0.00068261,0.000692651,0.00069483,0.001206379,,21.82971524,,682.61
18,67500,0.00068589,0.000693017,0.000694553,0.001014312,,,53000,0.000682762,0.000692668,0.000694817,0.001198142,,,58500,0.000683521,0.000692754,0.000694753,0.001156137,,22.02165714,,683.521
19,65000,0.000684751,0.000692891,0.000694649,0.001084712,,,53000,0.00067956,0.000692306,0.000695089,0.001361748,,,59000,0.000683582,0.00069276,0.000694748,0.001152701,,23.05402,,683.582
20,60000,0.000684913,0.000692909,0.000694635,0.001074956,,,53500,0.000681821,0.000692563,0.000694897,0.001248325,,,59500,0.000684842,0.000692901,0.000694641,0.00107926,,22.61306667,,684.842
21,55500,0.000683494,0.000692751,0.000694755,0.001157621,,,53500,0.0006825,0.000692639,0.000694839,0.001212298,,,60000,0.000682375,0.000692625,0.00069485,0.001219036,,26.70269333,,682.375
22,61500,0.000684718,0.000692887,0.000694652,0.001086699,,,53500,0.000682878,0.000692682,0.000694807,0.001191773,,,60500,0.000684882,0.000692905,0.000694638,0.001076839,,24.61346286,,684.882
23,63000,0.000685213,0.000692942,0.00069461,0.001056717,,,53500,0.000682152,0.0006926,0.000694869,0.001230907,,,61000,0.000685917,0.00069302,0.00069455,0.001012562,,24.10861905,,685.917
24,65500,0.000685542,0.000692979,0.000694582,0.001036327,,,53500,0.000682056,0.000692589,0.000694877,0.001235954,,,61500,0.000683597,0.000692762,0.000694747,0.001151809,,28.52098476,,683.597
25,64500,0.000684894,0.000692907,0.000694637,0.001076102,,,54000,0.000683202,0.000692718,0.00069478,0.001173959,,,62000,0.000685444,0.000692968,0.00069459,0.001042436,,26.80549714,,685.444
26,64000,0.000685976,0.000693027,0.000694546,0.001008793,,,54000,0.000682345,0.000692622,0.000694853,0.001220624,,,62500,0.000684747,0.00069289,0.000694649,0.001084953,,28.93208,,684.747
27,62000,0.000685444,0.000692968,0.00069459,0.001042436,,,54000,0.000681952,0.000692577,0.000694886,0.001241443,,,63000,0.00068494,0.000692912,0.000694633,0.001073363,,29.64526381,,684.94
28,67000,0.000685631,0.000692989,0.000694575,0.001030703,,,54000,0.000681923,0.000692574,0.000694888,0.001243007,,,63500,0.000685784,0.000693005,0.000694562,0.001021056,,29.17302857,,685.784
29,63000,0.000685008,0.000692919,0.000694627,0.001069228,,,54000,0.000681547,0.000692531,0.00069492,0.001262608,,,64000,0.000685976,0.000693027,0.000694546,0.001008793,,29.78341238,,685.976
30,63500,0.000683821,0.000692787,0.000694728,0.001139082,,,54000,0.000683168,0.000692714,0.000694783,0.001175819,,,64500,0.000684894,0.000692907,0.000694637,0.001076102,,32.79548952,,684.894
31,66500,0.000685983,0.000693027,0.000694545,0.001008306,,,54500,0.000682295,0.000692616,0.000694857,0.001223269,,,65000,0.000684751,0.000692891,0.000694649,0.001084712,,34.09094857,,684.751
32,65500,0.000685795,0.000693007,0.000694561,0.001020363,,,54500,0.000683718,0.000692776,0.000694736,0.001144965,,,65500,0.000685853,0.000693013,0.000694556,0.00101668,,32.92106667,,685.853
33,67500,0.000685924,0.000693021,0.00069455,0.001012098,,,54500,0.000682405,0.000692628,0.000694848,0.001217424,,,66000,0.00068538,0.000692961,0.000694596,0.001046372,,34.87906667,,685.38
34,62000,0.000685142,0.000692934,0.000694616,0.001061061,,,54500,0.000681544,0.000692531,0.000694921,0.001262752,,,66500,0.00068602,0.000693031,0.000694542,0.001005965,,34.49022857,,686.02
35,60500,0.000683592,0.000692762,0.000694747,0.001152087,,,54500,0.00068118,0.00069249,0.000694952,0.001281471,,,67000,0.000685631,0.000692989,0.000694575,0.001030703,,36.32001048,,685.631
36,57000,0.000682963,0.000692691,0.0006948,0.001187116,,,54500,0.000680901,0.000692458,0.000694975,0.001295602,,,67500,0.000685769,0.000693004,0.000694563,0.001021968,,36.98550857,,685.769
37,59000,0.000684473,0.00069286,0.000694672,0.00110126,,,54500,0.000681397,0.000692515,0.000694933,0.001270323,,,68000,0.000685808,0.000693008,0.00069456,0.001019528,,37.86818286,,685.808
38,64000,0.000684352,0.000692846,0.000694683,0.001108389,,,54500,0.000681475,0.000692523,0.000694926,0.001266287,,,68500,0.000686059,0.000693036,0.000694539,0.001003426,,38.22575238,,686.059
39,64000,0.000685195,0.00069294,0.000694611,0.001057815,,,54500,0.000682082,0.000692592,0.000694875,0.001234588,,,69000,0.000685976,0.000693027,0.000694546,0.001008784,,39.39061333,,685.976
40,54500,0.000683718,0.000692776,0.000694736,0.001144965,,,54500,0.000682553,0.000692645,0.000694835,0.001209478,,,69500,0.000685879,0.000693016,0.000694554,0.001015016,,40.60064,,685.879
41,59000,0.000682852,0.000692679,0.00069481,0.001193213,,,54500,0.00068275,0.000692667,0.000694818,0.001198782,,,70000,0.000686112,0.000693042,0.000694534,0.001000012,,40.95287238,,686.112
42,62500,0.000684009,0.000692808,0.000694712,0.001128292,,,54500,0.00068259,0.000692649,0.000694832,0.001207453,,,70500,0.000686055,0.000693035,0.000694539,0.001003663,,42.05825905,,686.055
43,57500,0.000683214,0.000692719,0.000694779,0.001173275,,,55000,0.000680847,0.000692452,0.00069498,0.001298324,,,71000,0.000686084,0.000693039,0.000694536,0.001001836,,42.93582857,,686.084
44,59500,0.000682761,0.000692668,0.000694817,0.001198193,,,55000,0.000681214,0.000692494,0.000694949,0.001279715,,,71500,0.000686052,0.000693035,0.000694539,0.001003884,,43.97968,,686.052
45,61500,0.000685046,0.000692924,0.000694624,0.001066881,,,55000,0.000683801,0.000692785,0.000694729,0.001140218,,,72000,0.000685364,0.000692959,0.000694597,0.001047367,,46.8821419,,685.364
46,69000,0.000685976,0.000693027,0.000694546,0.001008784,,,55000,0.000682129,0.000692597,0.000694871,0.001232138,,,,,,,,,,,
47,57000,0.000682311,0.000692618,0.000694856,0.001222437,,,55000,0.000683313,0.00069273,0.000694771,0.00116777,,,,,,,,,,,
48,65500,0.000686075,0.000693038,0.000694537,0.001002385,,,55000,0.000680773,0.000692444,0.000694986,0.001302059,,,,,,,,,,,
49,59500,0.000684002,0.000692807,0.000694712,0.001128735,,,55000,0.000682784,0.000692671,0.000694815,0.001196926,,,,,,,,,,,
50,65500,0.000685274,0.000692949,0.000694605,0.001052946,,,55500,0.00068232,0.000692619,0.000694855,0.001221963,,,,,,,,,,,
51,69500,0.000685879,0.000693016,0.000694554,0.001015016,,,55500,0.000683494,0.000692751,0.000694755,0.001157621,,,,,,,,,,,
52,67500,0.000685483,0.000692972,0.000694587,0.001039983,,,55500,0.000683148,0.000692712,0.000694785,0.001176934,,,,,,,,,,,
53,62500,0.000685309,0.000692953,0.000694602,0.001050801,,,55500,0.000682037,0.000692587,0.000694879,0.001236993,,,,,,,,,,,
54,63000,0.000685209,0.000692942,0.00069461,0.001056949,,,55500,0.00068108,0.000692479,0.00069496,0.001286534,,,,,,,,,,,
55,63000,0.000683925,0.000692799,0.000694719,0.001133126,,,55500,0.000684043,0.000692812,0.000694709,0.001126352,,,,,,,,,,,
56,65500,0.000685838,0.000693011,0.000694557,0.001017582,,,55500,0.000682081,0.000692592,0.000694875,0.001234629,,,,,,,,,,,
57,66500,0.00068596,0.000693025,0.000694547,0.001009806,,,55500,0.000681458,0.000692521,0.000694928,0.001267187,,,,,,,,,,,
58,52500,0.000682011,0.000692584,0.000694881,0.001238333,,,55500,0.000684513,0.000692864,0.000694669,0.001098885,,,,,,,,,,,
59,54500,0.000682405,0.000692628,0.000694848,0.001217424,,,55500,0.000682502,0.000692639,0.000694839,0.001212215,,,,,,,,,,,
60,64000,0.000684794,0.000692896,0.000694645,0.001082163,,,55500,0.000681773,0.000692557,0.000694901,0.001250823,,,,,,,,,,,
61,65500,0.000685716,0.000692998,0.000694567,0.001025371,,,55500,0.00068295,0.00069269,0.000694801,0.00118783,,,,,,,,,,,
62,66000,0.00068538,0.000692961,0.000694596,0.001046372,,,55500,0.000681836,0.000692564,0.000694896,0.001247542,,,,,,,,,,,
63,69500,0.000685869,0.000693015,0.000694555,0.001015624,,,55500,0.000682234,0.000692609,0.000694862,0.001226514,,,,,,,,,,,
64,61000,0.000683889,0.000692795,0.000694722,0.001135238,,,55500,0.00068249,0.000692638,0.00069484,0.001212852,,,,,,,,,,,
65,62500,0.000685201,0.000692941,0.000694611,0.001057457,,,55500,0.000682259,0.000692612,0.00069486,0.001225232,,,,,,,,,,,
66,57000,0.000682231,0.000692609,0.000694862,0.001226724,,,55500,0.000683379,0.000692738,0.000694765,0.001164096,,,,,,,,,,,
67,57500,0.000682846,0.000692678,0.00069481,0.001193571,,,56000,0.000681876,0.000692569,0.000694892,0.001245446,,,,,,,,,,,
68,59000,0.000684039,0.000692812,0.000694709,0.001126588,,,56000,0.000682617,0.000692652,0.00069483,0.001206019,,,,,,,,,,,
69,68500,0.000686059,0.000693036,0.000694539,0.001003426,,,56000,0.000681649,0.000692543,0.000694912,0.00125732,,,,,,,,,,,
70,66500,0.000686033,0.000693033,0.000694541,0.00100509,,,56000,0.000682888,0.000692683,0.000694807,0.001191247,,,,,,,,,,,
71,64000,0.000684676,0.000692883,0.000694655,0.001089173,,,56000,0.000683919,0.000692798,0.000694719,0.001133481,,,,,,,,,,,
72,64500,0.000685124,0.000692932,0.000694617,0.001062159,,,56000,0.000683005,0.000692696,0.000694797,0.001184858,,,,,,,,,,,
73,63500,0.000685371,0.00069296,0.000694597,0.001046977,,,56000,0.000682341,0.000692621,0.000694853,0.001220858,,,,,,,,,,,
74,64000,0.000684853,0.000692902,0.00069464,0.001078577,,,56000,0.000681879,0.000692569,0.000694892,0.001245281,,,,,,,,,,,
75,60000,0.000685197,0.00069294,0.000694611,0.001057667,,,56000,0.000682238,0.00069261,0.000694862,0.00122632,,,,,,,,,,,
76,61000,0.000684469,0.000692859,0.000694673,0.00110148,,,56000,0.000683312,0.00069273,0.000694771,0.001167832,,,,,,,,,,,
77,65500,0.000684781,0.000692894,0.000694646,0.001082921,,,56000,0.000682806,0.000692673,0.000694814,0.001195736,,,,,,,,,,,
78,59000,0.000684393,0.000692851,0.000694679,0.001105953,,,56000,0.000683834,0.000692789,0.000694727,0.001138369,,,,,,,,,,,
79,61500,0.000683226,0.000692721,0.000694778,0.001172609,,,56000,0.000682748,0.000692667,0.000694818,0.001198883,,,,,,,,,,,
80,60500,0.00068453,0.000692866,0.000694668,0.001097882,,,56000,0.000682551,0.000692645,0.000694835,0.001209533,,,,,,,,,,,
81,60000,0.000685031,0.000692922,0.000694625,0.001067829,,,56500,0.000683187,0.000692716,0.000694781,0.001174791,,,,,,,,,,,
82,61500,0.000683966,0.000692803,0.000694715,0.001130798,,,56500,0.000682709,0.000692663,0.000694822,0.001201005,,,,,,,,,,,
83,65000,0.000684706,0.000692886,0.000694653,0.0010874,,,56500,0.000682947,0.000692689,0.000694802,0.001188041,,,,,,,,,,,
84,61500,0.000685352,0.000692958,0.000694598,0.0010481,,,56500,0.000683219,0.00069272,0.000694779,0.001173027,,,,,,,,,,,
85,58500,0.000683521,0.000692754,0.000694753,0.001156137,,,56500,0.000682486,0.000692638,0.000694841,0.001213042,,,,,,,,,,,
86,67500,0.000686065,0.000693036,0.000694538,0.001003066,,,56500,0.000683142,0.000692711,0.000694785,0.001177291,,,,,,,,,,,
87,65500,0.000685621,0.000692987,0.000694576,0.001031369,,,56500,0.000683114,0.000692708,0.000694787,0.001178838,,,,,,,,,,,
88,60000,0.000684428,0.000692855,0.000694676,0.001103906,,,56500,0.000683062,0.000692702,0.000694792,0.001181704,,,,,,,,,,,
89,64500,0.000685591,0.000692984,0.000694578,0.001033228,,,56500,0.000683109,0.000692707,0.000694788,0.001179087,,,,,,,,,,,
90,66000,0.000684905,0.000692908,0.000694636,0.001075476,,,56500,0.000683774,0.000692782,0.000694732,0.001141775,,,,,,,,,,,
91,59500,0.000682958,0.00069269,0.000694801,0.001187443,,,56500,0.000682842,0.000692677,0.000694811,0.001193779,,,,,,,,,,,
92,61000,0.000684694,0.000692885,0.000694654,0.001088127,,,56500,0.000682082,0.000692592,0.000694875,0.00123462,,,,,,,,,,,
93,70000,0.000686112,0.000693042,0.000694534,0.001000012,,,56500,0.000683637,0.000692767,0.000694743,0.001149564,,,,,,,,,,,
94,64000,0.000684984,0.000692917,0.000694629,0.001070697,,,56500,0.000682764,0.000692669,0.000694817,0.001198001,,,,,,,,,,,
95,61000,0.000684541,0.000692867,0.000694667,0.001097236,,,56500,0.000681999,0.000692583,0.000694882,0.001238999,,,,,,,,,,,
96,45500,0.000675488,0.000691835,0.000695437,0.001546099,,,56500,0.000683155,0.000692713,0.000694784,0.001176538,,,,,,,,,,,
97,61000,0.000685436,0.000692967,0.000694591,0.001042927,,,56500,0.000681563,0.000692533,0.000694919,0.001261746,,,,,,,,,,,
98,61500,0.000684705,0.000692886,0.000694653,0.001087479,,,56500,0.000682287,0.000692615,0.000694858,0.001223697,,,,,,,,,,,
99,70000,0.000686069,0.000693037,0.000694538,0.001002774,,,56500,0.000683392,0.000692739,0.000694764,0.001163348,,,,,,,,,,,
100,64500,0.000684964,0.000692914,0.000694631,0.001071912,,,57000,0.000682963,0.000692691,0.0006948,0.001187116,,,,,,,,,,,
101,67000,0.000685615,0.000692987,0.000694576,0.001031733,,,57000,0.000682311,0.000692618,0.000694856,0.001222437,,,,,,,,,,,
102,58500,0.000684874,0.000692905,0.000694639,0.001077305,,,57000,0.000682231,0.000692609,0.000694862,0.001226724,,,,,,,,,,,
103,67000,0.000685821,0.000693009,0.000694559,0.001018705,,,57000,0.000683261,0.000692724,0.000694775,0.001170692,,,,,,,,,,,
104,62000,0.000684208,0.00069283,0.000694695,0.001116766,,,57000,0.000683075,0.000692704,0.000694791,0.001180951,,,,,,,,,,,
105,58500,0.000683654,0.000692769,0.000694742,0.001148585,,,57000,0.000682853,0.000692679,0.00069481,0.001193143,,,,,,,,,,,
106,58000,0.000684271,0.000692837,0.00069469,0.001113132,,,57000,0.000683427,0.000692743,0.000694761,0.001161385,,,,,,,,,,,
107,62500,0.000685471,0.000692971,0.000694588,0.001040752,,,57000,0.000683718,0.000692776,0.000694736,0.001144986,,,,,,,,,,,
108,67500,0.000685349,0.000692957,0.000694598,0.00104829,,,57000,0.000681801,0.00069256,0.000694899,0.001249363,,,,,,,,,,,
109,64500,0.000685735,0.000693,0.000694566,0.001024138,,,57000,0.000681871,0.000692568,0.000694893,0.001245724,,,,,,,,,,,
110,66000,0.000685581,0.000692983,0.000694579,0.001033882,,,57000,0.000682915,0.000692686,0.000694804,0.001189785,,,,,,,,,,,
111,62000,0.000684686,0.000692884,0.000694654,0.001088617,,,57000,0.00068163,0.000692541,0.000694913,0.001258272,,,,,,,,,,,
112,61000,0.000683676,0.000692771,0.00069474,0.00114736,,,57000,0.000681827,0.000692563,0.000694897,0.00124803,,,,,,,,,,,
113,59500,0.000683512,0.000692753,0.000694754,0.001156627,,,57000,0.000683329,0.000692732,0.000694769,0.001166887,,,,,,,,,,,
114,67000,0.000684978,0.000692916,0.00069463,0.001071063,,,57000,0.000682409,0.000692629,0.000694847,0.001217185,,,,,,,,,,,
115,66500,0.000685166,0.000692937,0.000694614,0.001059594,,,57000,0.000683356,0.000692735,0.000694767,0.001165378,,,,,,,,,,,
116,65500,0.000685483,0.000692972,0.000694587,0.001039994,,,57000,0.000684044,0.000692812,0.000694709,0.001126302,,,,,,,,,,,
117,63500,0.000685936,0.000693022,0.000694549,0.001011324,,,57000,0.000682835,0.000692677,0.000694811,0.001194159,,,,,,,,,,,
118,56500,0.000683187,0.000692716,0.000694781,0.001174791,,,57000,0.000683444,0.000692745,0.000694759,0.001160427,,,,,,,,,,,
119,61500,0.000683636,0.000692766,0.000694743,0.001149648,,,57000,0.000681885,0.00069257,0.000694892,0.001244989,,,,,,,,,,,
120,65000,0.000684887,0.000692906,0.000694637,0.001076566,,,57000,0.000684011,0.000692808,0.000694712,0.001128208,,,,,,,,,,,
121,57500,0.000683045,0.0006927,0.000694793,0.001182626,,,57000,0.000683556,0.000692757,0.00069475,0.001154172,,,,,,,,,,,
122,57500,0.000682811,0.000692674,0.000694813,0.001195436,,,57000,0.000681534,0.00069253,0.000694921,0.00126325,,,,,,,,,,,
123,63500,0.000684873,0.000692904,0.000694639,0.001077392,,,57000,0.000683811,0.000692786,0.000694728,0.001139666,,,,,,,,,,,
124,54500,0.000681544,0.000692531,0.000694921,0.001262752,,,57000,0.000684169,0.000692826,0.000694698,0.001119033,,,,,,,,,,,
125,56000,0.000681876,0.000692569,0.000694892,0.001245446,,,57000,0.000682362,0.000692623,0.000694851,0.001219737,,,,,,,,,,,
126,61500,0.000685456,0.000692969,0.000694589,0.001041659,,,57000,0.000681988,0.000692581,0.000694883,0.00123955,,,,,,,,,,,
127,64000,0.00068554,0.000692978,0.000694582,0.001036439,,,57000,0.000684314,0.000692842,0.000694686,0.001110602,,,,,,,,,,,
128,63000,0.00068529,0.000692951,0.000694603,0.001051939,,,57500,0.000683214,0.000692719,0.000694779,0.001173275,,,,,,,,,,,
129,59000,0.000683881,0.000692794,0.000694722,0.001135656,,,57500,0.000682846,0.000692678,0.00069481,0.001193571,,,,,,,,,,,
130,66000,0.000685563,0.000692981,0.00069458,0.001034956,,,57500,0.000683045,0.0006927,0.000694793,0.001182626,,,,,,,,,,,
131,64000,0.000685589,0.000692984,0.000694578,0.001033347,,,57500,0.000682811,0.000692674,0.000694813,0.001195436,,,,,,,,,,,
132,60000,0.000684526,0.000692866,0.000694668,0.001098126,,,57500,0.00068283,0.000692676,0.000694812,0.001194426,,,,,,,,,,,
133,67500,0.000685882,0.000693016,0.000694553,0.00101483,,,57500,0.000682955,0.00069269,0.000694801,0.001187589,,,,,,,,,,,
134,64000,0.000685558,0.00069298,0.000694581,0.001035305,,,57500,0.000683491,0.00069275,0.000694756,0.001157795,,,,,,,,,,,
135,63500,0.000686016,0.000693031,0.000694542,0.001006183,,,57500,0.00068407,0.000692815,0.000694707,0.001124772,,,,,,,,,,,
136,63000,0.000683574,0.00069276,0.000694749,0.001153149,,,57500,0.000682704,0.000692662,0.000694822,0.001201287,,,,,,,,,,,
137,64000,0.000685158,0.000692936,0.000694615,0.001060085,,,57500,0.000681782,0.000692558,0.0006949,0.001250375,,,,,,,,,,,
138,62500,0.000684475,0.00069286,0.000694672,0.001101107,,,57500,0.000682527,0.000692642,0.000694837,0.001210846,,,,,,,,,,,
139,58000,0.000683293,0.000692728,0.000694772,0.001168909,,,57500,0.000683424,0.000692743,0.000694761,0.001161585,,,,,,,,,,,
140,61000,0.000682468,0.000692635,0.000694842,0.001214047,,,57500,0.000683116,0.000692708,0.000694787,0.00117869,,,,,,,,,,,
141,58500,0.0006834,0.00069274,0.000694763,0.001162939,,,57500,0.000684137,0.000692822,0.000694701,0.001120905,,,,,,,,,,,
142,59500,0.000683429,0.000692743,0.000694761,0.00116131,,,57500,0.000681544,0.000692531,0.000694921,0.001262747,,,,,,,,,,,
143,63000,0.000685754,0.000693002,0.000694564,0.001022955,,,57500,0.00068334,0.000692733,0.000694768,0.001166265,,,,,,,,,,,
144,58500,0.000683677,0.000692771,0.00069474,0.001147309,,,57500,0.000683538,0.000692756,0.000694752,0.001155132,,,,,,,,,,,
145,64500,0.000685986,0.000693028,0.000694545,0.001008138,,,57500,0.000683551,0.000692757,0.00069475,0.00115443,,,,,,,,,,,
146,63000,0.000683333,0.000692733,0.000694769,0.001166635,,,57500,0.000683689,0.000692772,0.000694739,0.001146637,,,,,,,,,,,
147,53500,0.000681821,0.000692563,0.000694897,0.001248325,,,57500,0.000683154,0.000692712,0.000694784,0.00117663,,,,,,,,,,,
148,60500,0.000684152,0.000692824,0.0006947,0.001120021,,,57500,0.000683795,0.000692784,0.00069473,0.001140569,,,,,,,,,,,
149,62000,0.000685174,0.000692938,0.000694613,0.00105909,,,57500,0.000683509,0.000692752,0.000694754,0.001156818,,,,,,,,,,,
150,66000,0.000685119,0.000692932,0.000694618,0.001062461,,,57500,0.00068308,0.000692704,0.00069479,0.001180696,,,,,,,,,,,
151,68500,0.000685581,0.000692983,0.000694579,0.001033885,,,57500,0.000682229,0.000692609,0.000694862,0.001226801,,,,,,,,,,,
152,63500,0.000683843,0.00069279,0.000694726,0.001137863,,,57500,0.000683157,0.000692713,0.000694784,0.00117644,,,,,,,,,,,
153,70000,0.000686106,0.000693041,0.000694535,0.001000379,,,57500,0.000682546,0.000692644,0.000694836,0.001209815,,,,,,,,,,,
154,57500,0.00068283,0.000692676,0.000694812,0.001194426,,,57500,0.000684535,0.000692867,0.000694667,0.001097558,,,,,,,,,,,
155,65500,0.000685346,0.000692957,0.000694599,0.001048481,,,57500,0.000683834,0.000692789,0.000694727,0.001138363,,,,,,,,,,,
156,54000,0.000683202,0.000692718,0.00069478,0.001173959,,,58000,0.00068261,0.000692651,0.00069483,0.001206379,,,,,,,,,,,
157,63000,0.00068299,0.000692694,0.000694798,0.001185685,,,58000,0.000684271,0.000692837,0.00069469,0.001113132,,,,,,,,,,,
158,63000,0.000684149,0.000692824,0.0006947,0.001120198,,,58000,0.000683293,0.000692728,0.000694772,0.001168909,,,,,,,,,,,
159,60000,0.000684857,0.000692903,0.00069464,0.001078364,,,58000,0.000684015,0.000692809,0.000694711,0.001127991,,,,,,,,,,,
160,66500,0.000685383,0.000692961,0.000694596,0.001046199,,,58000,0.000682151,0.0006926,0.000694869,0.00123096,,,,,,,,,,,
161,67000,0.000685866,0.000693015,0.000694555,0.001015802,,,58000,0.000683809,0.000692786,0.000694729,0.001139788,,,,,,,,,,,
162,65500,0.000685724,0.000692999,0.000694567,0.001024851,,,58000,0.000682832,0.000692676,0.000694811,0.001194327,,,,,,,,,,,
163,68000,0.000685808,0.000693008,0.00069456,0.001019528,,,58000,0.000684412,0.000692853,0.000694678,0.001104817,,,,,,,,,,,
164,61000,0.000684037,0.000692811,0.000694709,0.00112669,,,58000,0.000683213,0.000692719,0.000694779,0.001173351,,,,,,,,,,,
165,63000,0.000684313,0.000692842,0.000694686,0.001110674,,,58000,0.000683031,0.000692699,0.000694794,0.001183411,,,,,,,,,,,
166,61000,0.000685107,0.00069293,0.000694619,0.001063192,,,58000,0.000683804,0.000692785,0.000694729,0.001140066,,,,,,,,,,,
167,63000,0.000685958,0.000693025,0.000694547,0.001009907,,,58000,0.000682984,0.000692693,0.000694798,0.00118598,,,,,,,,,,,
168,61000,0.000684078,0.000692816,0.000694706,0.001124302,,,58000,0.000684232,0.000692833,0.000694693,0.001115412,,,,,,,,,,,
169,61000,0.000684312,0.000692842,0.000694686,0.001110711,,,58000,0.000683292,0.000692728,0.000694772,0.001168928,,,,,,,,,,,
170,66500,0.000685843,0.000693012,0.000694557,0.001017298,,,58000,0.000683389,0.000692739,0.000694764,0.001163527,,,,,,,,,,,
171,63000,0.000684718,0.000692887,0.000694652,0.001086714,,,58000,0.000683202,0.000692718,0.00069478,0.001173936,,,,,,,,,,,
172,54000,0.000682345,0.000692622,0.000694853,0.001220624,,,58000,0.000683363,0.000692736,0.000694766,0.001165005,,,,,,,,,,,
173,62500,0.000685068,0.000692926,0.000694622,0.001065561,,,58000,0.000684032,0.000692811,0.00069471,0.001126992,,,,,,,,,,,
174,64500,0.000685403,0.000692963,0.000694594,0.001044961,,,58000,0.000683673,0.000692771,0.00069474,0.001147513,,,,,,,,,,,
175,61500,0.000684417,0.000692854,0.000694677,0.001104569,,,58000,0.000682806,0.000692673,0.000694814,0.00119573,,,,,,,,,,,
176,56500,0.000682709,0.000692663,0.000694822,0.001201005,,,58000,0.000682709,0.000692663,0.000694822,0.001200984,,,,,,,,,,,
177,63500,0.000684145,0.000692823,0.0006947,0.001120473,,,58000,0.000683627,0.000692765,0.000694744,0.001150158,,,,,,,,,,,
178,64000,0.00068593,0.000693022,0.000694549,0.0010117,,,58000,0.000683383,0.000692738,0.000694765,0.001163882,,,,,,,,,,,
179,62500,0.000685144,0.000692934,0.000694616,0.00106095,,,58000,0.000681892,0.000692571,0.000694891,0.001244592,,,,,,,,,,,
180,64000,0.000685567,0.000692981,0.00069458,0.001034729,,,58500,0.000683521,0.000692754,0.000694753,0.001156137,,,,,,,,,,,
181,61000,0.000684315,0.000692842,0.000694686,0.001110561,,,58500,0.000684874,0.000692905,0.000694639,0.001077305,,,,,,,,,,,
182,63500,0.00068458,0.000692872,0.000694663,0.001094912,,,58500,0.000683654,0.000692769,0.000694742,0.001148585,,,,,,,,,,,
183,66500,0.000685421,0.000692965,0.000694592,0.001043827,,,58500,0.0006834,0.00069274,0.000694763,0.001162939,,,,,,,,,,,
184,68500,0.000685715,0.000692998,0.000694568,0.001025441,,,58500,0.000683677,0.000692771,0.00069474,0.001147309,,,,,,,,,,,
185,66500,0.000685432,0.000692966,0.000694591,0.001043158,,,58500,0.000682302,0.000692617,0.000694856,0.0012229,,,,,,,,,,,
186,54500,0.00068118,0.00069249,0.000694952,0.001281471,,,58500,0.000684056,0.000692813,0.000694708,0.00112562,,,,,,,,,,,
187,62500,0.000685533,0.000692978,0.000694583,0.001036879,,,58500,0.000683559,0.000692758,0.00069475,0.001153966,,,,,,,,,,,
188,63000,0.000684797,0.000692896,0.000694645,0.001081985,,,58500,0.000682574,0.000692647,0.000694833,0.001208297,,,,,,,,,,,
189,58500,0.000682302,0.000692617,0.000694856,0.0012229,,,58500,0.000682959,0.000692691,0.000694801,0.001187365,,,,,,,,,,,
190,64500,0.000686107,0.000693041,0.000694534,0.001000312,,,58500,0.000683925,0.000692799,0.000694719,0.001133172,,,,,,,,,,,
191,64000,0.000685865,0.000693014,0.000694555,0.001015889,,,58500,0.000682706,0.000692662,0.000694822,0.001201163,,,,,,,,,,,
192,62000,0.000685304,0.000692952,0.000694602,0.001051095,,,58500,0.000685022,0.000692921,0.000694626,0.001068395,,,,,,,,,,,
193,67000,0.000685805,0.000693008,0.00069456,0.001019691,,,58500,0.000682578,0.000692648,0.000694833,0.001208105,,,,,,,,,,,
194,61000,0.00068388,0.000692794,0.000694723,0.00113575,,,58500,0.000683046,0.0006927,0.000694793,0.001182557,,,,,,,,,,,
195,55500,0.000683148,0.000692712,0.000694785,0.001176934,,,58500,0.000683113,0.000692708,0.000694788,0.001178861,,,,,,,,,,,
196,63000,0.000685657,0.000692991,0.000694572,0.001029065,,,58500,0.000683387,0.000692739,0.000694764,0.001163632,,,,,,,,,,,
197,61000,0.000684139,0.000692823,0.000694701,0.001120787,,,58500,0.000683853,0.000692791,0.000694725,0.001137283,,,,,,,,,,,
198,63500,0.000685056,0.000692925,0.000694623,0.001066294,,,58500,0.000683504,0.000692752,0.000694754,0.00115706,,,,,,,,,,,
199,68000,0.000686038,0.000693034,0.00069454,0.001004766,,,58500,0.000682769,0.000692669,0.000694817,0.001197761,,,,,,,,,,,
200,59500,0.000683737,0.000692778,0.000694735,0.001143913,,,58500,0.000683008,0.000692696,0.000694796,0.001184672,,,,,,,,,,,
201,66500,0.000685964,0.000693025,0.000694547,0.001009537,,,58500,0.000684183,0.000692828,0.000694697,0.001118224,,,,,,,,,,,
202,68000,0.000685947,0.000693023,0.000694548,0.001010655,,,58500,0.00068389,0.000692795,0.000694722,0.001135126,,,,,,,,,,,
203,62000,0.000685122,0.000692932,0.000694618,0.001062284,,,58500,0.000684012,0.000692809,0.000694711,0.001128134,,,,,,,,,,,
204,64000,0.000685667,0.000692993,0.000694572,0.001028432,,,58500,0.000682691,0.000692661,0.000694823,0.001201966,,,,,,,,,,,
205,61000,0.000683704,0.000692774,0.000694737,0.001145762,,,58500,0.000682834,0.000692677,0.000694811,0.001194208,,,,,,,,,,,
206,55500,0.000682037,0.000692587,0.000694879,0.001236993,,,59000,0.000683582,0.00069276,0.000694748,0.001152701,,,,,,,,,,,
207,67500,0.00068522,0.000692943,0.000694609,0.001056244,,,59000,0.000684473,0.00069286,0.000694672,0.00110126,,,,,,,,,,,
208,62500,0.000684748,0.000692891,0.000694649,0.001084875,,,59000,0.000682852,0.000692679,0.00069481,0.001193213,,,,,,,,,,,
209,57000,0.000683261,0.000692724,0.000694775,0.001170692,,,59000,0.000684039,0.000692812,0.000694709,0.001126588,,,,,,,,,,,
210,61500,0.000684133,0.000692822,0.000694701,0.001121127,,,59000,0.000684393,0.000692851,0.000694679,0.001105953,,,,,,,,,,,
211,58000,0.000684015,0.000692809,0.000694711,0.001127991,,,59000,0.000683881,0.000692794,0.000694722,0.001135656,,,,,,,,,,,
212,60500,0.000684642,0.000692879,0.000694658,0.001091245,,,59000,0.000684414,0.000692853,0.000694677,0.001104727,,,,,,,,,,,
213,60500,0.000684582,0.000692872,0.000694663,0.001094822,,,59000,0.000684457,0.000692858,0.000694674,0.001102179,,,,,,,,,,,
214,57500,0.000682955,0.00069269,0.000694801,0.001187589,,,59000,0.000683658,0.000692769,0.000694741,0.001148391,,,,,,,,,,,
215,56500,0.000682947,0.000692689,0.000694802,0.001188041,,,59000,0.000684498,0.000692863,0.00069467,0.001099752,,,,,,,,,,,
216,68000,0.000685719,0.000692998,0.000694567,0.001025173,,,59000,0.00068484,0.000692901,0.000694641,0.001079355,,,,,,,,,,,
217,60000,0.000685018,0.000692921,0.000694626,0.00106863,,,59000,0.000685191,0.00069294,0.000694612,0.001058023,,,,,,,,,,,
218,60000,0.00068362,0.000692765,0.000694745,0.001150543,,,59000,0.000682763,0.000692669,0.000694817,0.001198052,,,,,,,,,,,
219,65000,0.000685741,0.000693001,0.000694565,0.001023783,,,59000,0.000683093,0.000692706,0.000694789,0.001180001,,,,,,,,,,,
220,62000,0.000683761,0.00069278,0.000694733,0.001142521,,,59000,0.000685025,0.000692921,0.000694626,0.001068211,,,,,,,,,,,
221,59500,0.000683898,0.000692796,0.000694721,0.00113472,,,59000,0.000682651,0.000692656,0.000694827,0.001204141,,,,,,,,,,,
222,49500,0.000681941,0.000692576,0.000694887,0.00124206,,,59000,0.000683446,0.000692745,0.000694759,0.001160354,,,,,,,,,,,
223,58500,0.000684056,0.000692813,0.000694708,0.00112562,,,59000,0.000684685,0.000692883,0.000694655,0.001088684,,,,,,,,,,,
224,63500,0.000684999,0.000692918,0.000694628,0.001069777,,,59000,0.000684181,0.000692827,0.000694697,0.001118329,,,,,,,,,,,
225,59500,0.000685556,0.00069298,0.000694581,0.001035443,,,59000,0.000684691,0.000692884,0.000694654,0.001088334,,,,,,,,,,,
226,59500,0.00068376,0.00069278,0.000694733,0.001142601,,,59000,0.000684851,0.000692902,0.00069464,0.001078685,,,,,,,,,,,
227,65000,0.000686021,0.000693032,0.000694542,0.001005906,,,59000,0.000683084,0.000692705,0.00069479,0.00118047,,,,,,,,,,,
228,62500,0.000685008,0.000692919,0.000694627,0.001069223,,,59500,0.000684842,0.000692901,0.000694641,0.00107926,,,,,,,,,,,
229,63000,0.000685477,0.000692971,0.000694588,0.00104037,,,59500,0.000682761,0.000692668,0.000694817,0.001198193,,,,,,,,,,,
230,63500,0.000684987,0.000692917,0.000694629,0.001070485,,,59500,0.000684002,0.000692807,0.000694712,0.001128735,,,,,,,,,,,
231,62000,0.000684991,0.000692918,0.000694629,0.00107027,,,59500,0.000682958,0.00069269,0.000694801,0.001187443,,,,,,,,,,,
232,67000,0.000685457,0.000692969,0.000694589,0.00104163,,,59500,0.000683512,0.000692753,0.000694754,0.001156627,,,,,,,,,,,
233,61500,0.000684519,0.000692865,0.000694669,0.001098528,,,59500,0.000683429,0.000692743,0.000694761,0.00116131,,,,,,,,,,,
234,64000,0.000685389,0.000692962,0.000694595,0.001045804,,,59500,0.000683737,0.000692778,0.000694735,0.001143913,,,,,,,,,,,
235,65000,0.00068571,0.000692997,0.000694568,0.001025753,,,59500,0.000683898,0.000692796,0.000694721,0.00113472,,,,,,,,,,,
236,58500,0.000683559,0.000692758,0.00069475,0.001153966,,,59500,0.000685556,0.00069298,0.000694581,0.001035443,,,,,,,,,,,
237,55500,0.00068108,0.000692479,0.00069496,0.001286534,,,59500,0.00068376,0.00069278,0.000694733,0.001142601,,,,,,,,,,,
238,62500,0.000684682,0.000692883,0.000694655,0.00108882,,,59500,0.000683503,0.000692752,0.000694754,0.001157104,,,,,,,,,,,
239,66000,0.000685699,0.000692996,0.000694569,0.001026407,,,59500,0.000683807,0.000692786,0.000694729,0.001139901,,,,,,,,,,,
240,60000,0.000683735,0.000692778,0.000694735,0.001144027,,,59500,0.000683151,0.000692712,0.000694784,0.001176776,,,,,,,,,,,
241,52500,0.000682439,0.000692632,0.000694845,0.001215578,,,59500,0.000683164,0.000692714,0.000694783,0.001176053,,,,,,,,,,,
242,67500,0.000685913,0.00069302,0.000694551,0.001012813,,,59500,0.000682748,0.000692667,0.000694818,0.001198913,,,,,,,,,,,
243,63500,0.00068606,0.000693036,0.000694538,0.001003379,,,59500,0.000683315,0.000692731,0.00069477,0.00116767,,,,,,,,,,,
244,69000,0.000685946,0.000693023,0.000694548,0.001010697,,,59500,0.000684918,0.000692909,0.000694635,0.001074689,,,,,,,,,,,
245,57500,0.000683491,0.00069275,0.000694756,0.001157795,,,59500,0.000684227,0.000692832,0.000694693,0.001115688,,,,,,,,,,,
246,62000,0.00068486,0.000692903,0.00069464,0.00107819,,,59500,0.000683086,0.000692705,0.00069479,0.001180363,,,,,,,,,,,
247,61000,0.000684246,0.000692835,0.000694692,0.00111456,,,59500,0.000683404,0.00069274,0.000694763,0.001162709,,,,,,,,,,,
248,66000,0.000684817,0.000692898,0.000694643,0.001080765,,,59500,0.000684829,0.0006929,0.000694642,0.001080045,,,,,,,,,,,
249,57000,0.000683075,0.000692704,0.000694791,0.001180951,,,59500,0.000684625,0.000692877,0.00069466,0.001092268,,,,,,,,,,,
250,62000,0.000685678,0.000692994,0.000694571,0.001027729,,,59500,0.000682874,0.000692681,0.000694808,0.001192044,,,,,,,,,,,
251,60000,0.000684429,0.000692855,0.000694676,0.001103833,,,59500,0.000684142,0.000692823,0.0006947,0.001120595,,,,,,,,,,,
252,63000,0.000685217,0.000692943,0.00069461,0.001056444,,,59500,0.000684822,0.000692899,0.000694643,0.001080435,,,,,,,,,,,
253,61500,0.000683512,0.000692753,0.000694754,0.001156599,,,59500,0.000684945,0.000692912,0.000694633,0.001073013,,,,,,,,,,,
254,63000,0.000685477,0.000692971,0.000694588,0.001040364,,,59500,0.000684434,0.000692856,0.000694676,0.001103571,,,,,,,,,,,
255,65500,0.00068547,0.000692971,0.000694588,0.001040802,,,59500,0.000684254,0.000692836,0.000694691,0.001114094,,,,,,,,,,,
256,64500,0.000685745,0.000693001,0.000694565,0.001023546,,,59500,0.000684548,0.000692868,0.000694666,0.001096835,,,,,,,,,,,
257,63000,0.000684581,0.000692872,0.000694663,0.001094878,,,59500,0.000683747,0.000692779,0.000694734,0.00114334,,,,,,,,,,,
258,61000,0.000683828,0.000692788,0.000694727,0.001138724,,,59500,0.000684707,0.000692886,0.000694653,0.001087328,,,,,,,,,,,
259,65500,0.000685809,0.000693008,0.00069456,0.001019463,,,59500,0.000684092,0.000692817,0.000694705,0.001123504,,,,,,,,,,,
260,62500,0.000685179,0.000692938,0.000694613,0.001058808,,,59500,0.00068341,0.000692741,0.000694762,0.001162368,,,,,,,,,,,
261,64500,0.000685774,0.000693004,0.000694563,0.001021705,,,59500,0.000684288,0.000692839,0.000694688,0.001112129,,,,,,,,,,,
262,54500,0.000680901,0.000692458,0.000694975,0.001295602,,,59500,0.000683767,0.000692781,0.000694732,0.001142194,,,,,,,,,,,
263,63500,0.000684731,0.000692889,0.000694651,0.001085886,,,59500,0.000684017,0.000692809,0.000694711,0.001127844,,,,,,,,,,,
264,65000,0.000685747,0.000693001,0.000694565,0.001023417,,,60000,0.000682375,0.000692625,0.00069485,0.001219036,,,,,,,,,,,
265,60000,0.000683565,0.000692759,0.000694749,0.001153657,,,60000,0.000684913,0.000692909,0.000694635,0.001074956,,,,,,,,,,,
266,62500,0.00068501,0.00069292,0.000694627,0.001069086,,,60000,0.000685197,0.00069294,0.000694611,0.001057667,,,,,,,,,,,
267,66500,0.000685239,0.000692945,0.000694608,0.001055074,,,60000,0.000685031,0.000692922,0.000694625,0.001067829,,,,,,,,,,,
268,65500,0.000685633,0.000692989,0.000694574,0.001030592,,,60000,0.000684428,0.000692855,0.000694676,0.001103906,,,,,,,,,,,
269,62500,0.000685585,0.000692983,0.000694578,0.001033574,,,60000,0.000684526,0.000692866,0.000694668,0.001098126,,,,,,,,,,,
270,58000,0.000682151,0.0006926,0.000694869,0.00123096,,,60000,0.000684857,0.000692903,0.00069464,0.001078364,,,,,,,,,,,
271,62500,0.000685022,0.000692921,0.000694626,0.001068354,,,60000,0.000685018,0.000692921,0.000694626,0.00106863,,,,,,,,,,,
272,51500,0.000681482,0.000692524,0.000694926,0.001265954,,,60000,0.00068362,0.000692765,0.000694745,0.001150543,,,,,,,,,,,
273,66500,0.00068611,0.000693041,0.000694534,0.001000129,,,60000,0.000683735,0.000692778,0.000694735,0.001144027,,,,,,,,,,,
274,66500,0.00068552,0.000692976,0.000694584,0.001037688,,,60000,0.000684429,0.000692855,0.000694676,0.001103833,,,,,,,,,,,
275,66500,0.000685375,0.00069296,0.000694596,0.001046682,,,60000,0.000683565,0.000692759,0.000694749,0.001153657,,,,,,,,,,,
276,64000,0.00068573,0.000692999,0.000694566,0.001024477,,,60000,0.000685068,0.000692926,0.000694622,0.001065575,,,,,,,,,,,
277,67500,0.000685663,0.000692992,0.000694572,0.001028681,,,60000,0.000684465,0.000692859,0.000694673,0.001101738,,,,,,,,,,,
278,62000,0.000685079,0.000692927,0.000694621,0.001064885,,,60000,0.000684524,0.000692866,0.000694668,0.00109824,,,,,,,,,,,
279,64000,0.000685743,0.000693001,0.000694565,0.001023664,,,60000,0.000685023,0.000692921,0.000694626,0.001068327,,,,,,,,,,,
280,59000,0.000684414,0.000692853,0.000694677,0.001104727,,,60000,0.000685014,0.00069292,0.000694627,0.001068828,,,,,,,,,,,
281,56000,0.000682617,0.000692652,0.00069483,0.001206019,,,60000,0.000683949,0.000692801,0.000694717,0.001131762,,,,,,,,,,,
282,64500,0.000685686,0.000692995,0.00069457,0.001027266,,,60000,0.000684381,0.00069285,0.00069468,0.001106641,,,,,,,,,,,
283,55500,0.000684043,0.000692812,0.000694709,0.001126352,,,60000,0.000684803,0.000692897,0.000694645,0.001081627,,,,,,,,,,,
284,56500,0.000683219,0.00069272,0.000694779,0.001173027,,,60000,0.000684863,0.000692903,0.000694639,0.001078,,,,,,,,,,,
285,61000,0.000685898,0.000693018,0.000694552,0.001013779,,,60000,0.000684606,0.000692875,0.000694661,0.001093353,,,,,,,,,,,
286,60000,0.000685068,0.000692926,0.000694622,0.001065575,,,60000,0.000684389,0.000692851,0.00069468,0.001106192,,,,,,,,,,,
287,64500,0.000685741,0.000693001,0.000694565,0.001023781,,,60000,0.000683554,0.000692757,0.00069475,0.001154272,,,,,,,,,,,
288,56000,0.000681649,0.000692543,0.000694912,0.00125732,,,60000,0.000682944,0.000692689,0.000694802,0.001188213,,,,,,,,,,,
289,57500,0.00068407,0.000692815,0.000694707,0.001124772,,,60000,0.000684728,0.000692888,0.000694651,0.001086092,,,,,,,,,,,
290,61500,0.000684461,0.000692859,0.000694673,0.001101956,,,60000,0.000684373,0.000692849,0.000694681,0.001107128,,,,,,,,,,,
291,57500,0.000682704,0.000692662,0.000694822,0.001201287,,,60000,0.000682985,0.000692694,0.000694798,0.001185913,,,,,,,,,,,
292,63500,0.00068534,0.000692956,0.000694599,0.001048892,,,60000,0.000684021,0.00069281,0.000694711,0.001127627,,,,,,,,,,,
293,62000,0.000684238,0.000692834,0.000694692,0.001115044,,,60000,0.00068484,0.000692901,0.000694641,0.001079368,,,,,,,,,,,
294,64000,0.000685039,0.000692923,0.000694625,0.00106731,,,60000,0.000684618,0.000692876,0.00069466,0.001092652,,,,,,,,,,,
295,69500,0.00068564,0.00069299,0.000694574,0.001030122,,,60000,0.000683277,0.000692726,0.000694774,0.001169784,,,,,,,,,,,
296,63000,0.000685661,0.000692992,0.000694572,0.001028801,,,60000,0.000685116,0.000692931,0.000694618,0.001062652,,,,,,,,,,,
297,57000,0.000682853,0.000692679,0.00069481,0.001193143,,,60000,0.000683216,0.00069272,0.000694779,0.001173147,,,,,,,,,,,
298,62500,0.000685721,0.000692998,0.000694567,0.001025051,,,60000,0.000683888,0.000692795,0.000694722,0.001135273,,,,,,,,,,,
299,58000,0.000683809,0.000692786,0.000694729,0.001139788,,,60000,0.000685432,0.000692967,0.000694591,0.001043134,,,,,,,,,,,
300,63500,0.000685793,0.000693006,0.000694561,0.001020476,,,60000,0.000684837,0.0006929,0.000694642,0.001079534,,,,,,,,,,,
301,59500,0.000683503,0.000692752,0.000694754,0.001157104,,,60500,0.000684882,0.000692905,0.000694638,0.001076839,,,,,,,,,,,
302,67500,0.00068558,0.000692983,0.000694579,0.001033907,,,60500,0.000684267,0.000692837,0.00069469,0.001113361,,,,,,,,,,,
303,57000,0.000683427,0.000692743,0.000694761,0.001161385,,,60500,0.000683592,0.000692762,0.000694747,0.001152087,,,,,,,,,,,
304,63500,0.000684915,0.000692909,0.000694635,0.001074863,,,60500,0.00068453,0.000692866,0.000694668,0.001097882,,,,,,,,,,,
305,66000,0.000686066,0.000693037,0.000694538,0.001002946,,,60500,0.000684152,0.000692824,0.0006947,0.001120021,,,,,,,,,,,
306,66500,0.000685315,0.000692953,0.000694601,0.001050415,,,60500,0.000684642,0.000692879,0.000694658,0.001091245,,,,,,,,,,,
307,59000,0.000684457,0.000692858,0.000694674,0.001102179,,,60500,0.000684582,0.000692872,0.000694663,0.001094822,,,,,,,,,,,
308,60500,0.000684807,0.000692897,0.000694644,0.001081337,,,60500,0.000684807,0.000692897,0.000694644,0.001081337,,,,,,,,,,,
309,62000,0.000685836,0.000693011,0.000694557,0.001017758,,,60500,0.000684684,0.000692883,0.000694655,0.001088711,,,,,,,,,,,
310,57500,0.000681782,0.000692558,0.0006949,0.001250375,,,60500,0.000682486,0.000692637,0.000694841,0.001213083,,,,,,,,,,,
311,66000,0.000685143,0.000692934,0.000694616,0.001060962,,,60500,0.000684638,0.000692878,0.000694658,0.001091441,,,,,,,,,,,
312,62000,0.000684309,0.000692842,0.000694686,0.001110859,,,60500,0.000684775,0.000692893,0.000694647,0.001083297,,,,,,,,,,,
313,63000,0.000685211,0.000692942,0.00069461,0.001056824,,,60500,0.000683919,0.000692798,0.000694719,0.00113349,,,,,,,,,,,
314,57500,0.000682527,0.000692642,0.000694837,0.001210846,,,60500,0.000684896,0.000692907,0.000694637,0.001075996,,,,,,,,,,,
315,63500,0.000684657,0.00069288,0.000694657,0.001090311,,,60500,0.000684372,0.000692849,0.000694681,0.001107211,,,,,,,,,,,
316,67500,0.000685863,0.000693014,0.000694555,0.00101603,,,60500,0.000683572,0.000692759,0.000694749,0.001153259,,,,,,,,,,,
317,59500,0.000683807,0.000692786,0.000694729,0.001139901,,,60500,0.000684363,0.000692848,0.000694682,0.00110774,,,,,,,,,,,
318,65000,0.000685012,0.00069292,0.000694627,0.001068992,,,60500,0.000684602,0.000692874,0.000694662,0.0010936,,,,,,,,,,,
319,56500,0.000682486,0.000692638,0.000694841,0.001213042,,,60500,0.000684023,0.00069281,0.00069471,0.001127485,,,,,,,,,,,
320,63000,0.000684588,0.000692873,0.000694663,0.001094414,,,60500,0.000685008,0.000692919,0.000694627,0.001069248,,,,,,,,,,,
321,68500,0.000686089,0.000693039,0.000694536,0.001001521,,,60500,0.000685469,0.000692971,0.000694588,0.001040888,,,,,,,,,,,
322,63500,0.000685201,0.000692941,0.000694611,0.001057434,,,60500,0.000685025,0.000692921,0.000694626,0.001068176,,,,,,,,,,,
323,66500,0.000685431,0.000692966,0.000694592,0.001043253,,,60500,0.0006841,0.000692818,0.000694704,0.001123035,,,,,,,,,,,
324,61500,0.000685257,0.000692947,0.000694606,0.001053968,,,60500,0.000684668,0.000692882,0.000694656,0.001089659,,,,,,,,,,,
325,68000,0.000685739,0.000693,0.000694566,0.0010239,,,60500,0.000683443,0.000692745,0.00069476,0.001160486,,,,,,,,,,,
326,67000,0.000685968,0.000693026,0.000694546,0.001009286,,,60500,0.000683335,0.000692733,0.000694769,0.001166531,,,,,,,,,,,
327,53000,0.000682301,0.000692617,0.000694856,0.001222969,,,60500,0.000683443,0.000692745,0.00069476,0.001160508,,,,,,,,,,,
328,64500,0.000684629,0.000692877,0.000694659,0.001092008,,,60500,0.00068414,0.000692823,0.000694701,0.001120713,,,,,,,,,,,
329,61500,0.000684242,0.000692834,0.000694692,0.001114776,,,60500,0.00068473,0.000692888,0.000694651,0.001085999,,,,,,,,,,,
330,61500,0.000683997,0.000692807,0.000694713,0.00112901,,,60500,0.000685343,0.000692957,0.000694599,0.001048662,,,,,,,,,,,
331,62000,0.00068511,0.000692931,0.000694619,0.001063034,,,60500,0.000684454,0.000692858,0.000694674,0.001102379,,,,,,,,,,,
332,68000,0.000685366,0.000692959,0.000694597,0.001047254,,,60500,0.000683284,0.000692727,0.000694773,0.001169375,,,,,,,,,,,
333,52000,0.000680889,0.000692457,0.000694976,0.001296204,,,60500,0.000684988,0.000692917,0.000694629,0.001070427,,,,,,,,,,,
334,62500,0.000684169,0.000692826,0.000694698,0.001119037,,,60500,0.000682914,0.000692686,0.000694804,0.001189819,,,,,,,,,,,
335,70500,0.000686055,0.000693035,0.000694539,0.001003663,,,61000,0.000685917,0.00069302,0.00069455,0.001012562,,,,,,,,,,,
336,61000,0.000684249,0.000692835,0.000694691,0.001114414,,,61000,0.000683889,0.000692795,0.000694722,0.001135238,,,,,,,,,,,
337,57500,0.000683424,0.000692743,0.000694761,0.001161585,,,61000,0.000684469,0.000692859,0.000694673,0.00110148,,,,,,,,,,,
338,62000,0.00068517,0.000692937,0.000694614,0.001059356,,,61000,0.000684694,0.000692885,0.000694654,0.001088127,,,,,,,,,,,
339,64500,0.000685862,0.000693014,0.000694555,0.001016057,,,61000,0.000684541,0.000692867,0.000694667,0.001097236,,,,,,,,,,,
340,53000,0.000681508,0.000692527,0.000694924,0.00126461,,,61000,0.000685436,0.000692967,0.000694591,0.001042927,,,,,,,,,,,
341,62500,0.000685737,0.000693,0.000694566,0.001024003,,,61000,0.000683676,0.000692771,0.00069474,0.00114736,,,,,,,,,,,
342,64000,0.000684544,0.000692868,0.000694666,0.001097041,,,61000,0.000682468,0.000692635,0.000694842,0.001214047,,,,,,,,,,,
343,61500,0.000685548,0.000692979,0.000694582,0.001035912,,,61000,0.000684037,0.000692811,0.000694709,0.00112669,,,,,,,,,,,
344,68500,0.000685704,0.000692997,0.000694569,0.001026139,,,61000,0.000685107,0.00069293,0.000694619,0.001063192,,,,,,,,,,,
345,57500,0.000683116,0.000692708,0.000694787,0.00117869,,,61000,0.000684078,0.000692816,0.000694706,0.001124302,,,,,,,,,,,
346,62500,0.00068498,0.000692916,0.00069463,0.001070911,,,61000,0.000684312,0.000692842,0.000694686,0.001110711,,,,,,,,,,,
347,58000,0.000682832,0.000692676,0.000694811,0.001194327,,,61000,0.000684315,0.000692842,0.000694686,0.001110561,,,,,,,,,,,
348,60000,0.000684465,0.000692859,0.000694673,0.001101738,,,61000,0.00068388,0.000692794,0.000694723,0.00113575,,,,,,,,,,,
349,65000,0.000685515,0.000692976,0.000694584,0.001037993,,,61000,0.000684139,0.000692823,0.000694701,0.001120787,,,,,,,,,,,
350,60500,0.000684684,0.000692883,0.000694655,0.001088711,,,61000,0.000683704,0.000692774,0.000694737,0.001145762,,,,,,,,,,,
351,63500,0.000685297,0.000692952,0.000694603,0.00105151,,,61000,0.000684246,0.000692835,0.000694692,0.00111456,,,,,,,,,,,
352,58500,0.000682574,0.000692647,0.000694833,0.001208297,,,61000,0.000683828,0.000692788,0.000694727,0.001138724,,,,,,,,,,,
353,61000,0.000684785,0.000692895,0.000694646,0.001082667,,,61000,0.000685898,0.000693018,0.000694552,0.001013779,,,,,,,,,,,
354,58500,0.000682959,0.000692691,0.000694801,0.001187365,,,61000,0.000684249,0.000692835,0.000694691,0.001114414,,,,,,,,,,,
355,59500,0.000683151,0.000692712,0.000694784,0.001176776,,,61000,0.000684785,0.000692895,0.000694646,0.001082667,,,,,,,,,,,
356,57500,0.000684137,0.000692822,0.000694701,0.001120905,,,61000,0.000684547,0.000692868,0.000694666,0.001096846,,,,,,,,,,,
357,63000,0.000685302,0.000692952,0.000694602,0.001051229,,,61000,0.000685087,0.000692928,0.000694621,0.001064384,,,,,,,,,,,
358,62500,0.000684896,0.000692907,0.000694637,0.001075991,,,61000,0.000684792,0.000692895,0.000694646,0.001082284,,,,,,,,,,,
359,50500,0.000680003,0.000692356,0.000695052,0.001340243,,,61000,0.000684382,0.00069285,0.00069468,0.001106609,,,,,,,,,,,
360,60000,0.000684524,0.000692866,0.000694668,0.00109824,,,61000,0.000685372,0.00069296,0.000694597,0.001046898,,,,,,,,,,,
361,62500,0.000686064,0.000693036,0.000694538,0.001003111,,,61000,0.000684115,0.00069282,0.000694703,0.0011222,,,,,,,,,,,
362,61500,0.000685315,0.000692953,0.000694601,0.001050422,,,61000,0.000683646,0.000692768,0.000694742,0.001149084,,,,,,,,,,,
363,66000,0.000685313,0.000692953,0.000694601,0.001050519,,,61000,0.00068366,0.000692769,0.000694741,0.001148254,,,,,,,,,,,
364,66000,0.000685773,0.000693004,0.000694563,0.001021756,,,61000,0.000684461,0.000692859,0.000694673,0.001101946,,,,,,,,,,,
365,67000,0.000683971,0.000692804,0.000694715,0.001130502,,,61000,0.000684121,0.000692821,0.000694702,0.001121808,,,,,,,,,,,
366,49500,0.000676908,0.000692,0.000695316,0.001484249,,,61000,0.000684621,0.000692876,0.00069466,0.001092481,,,,,,,,,,,
367,65000,0.000685851,0.000693013,0.000694556,0.001016791,,,61000,0.000684285,0.000692839,0.000694688,0.001112273,,,,,,,,,,,
368,63500,0.000685788,0.000693006,0.000694561,0.001020763,,,61000,0.000684434,0.000692856,0.000694676,0.001103565,,,,,,,,,,,
369,66000,0.000686076,0.000693038,0.000694537,0.001002363,,,61000,0.000684152,0.000692824,0.0006947,0.001120036,,,,,,,,,,,
370,55500,0.000682081,0.000692592,0.000694875,0.001234629,,,61000,0.000684403,0.000692852,0.000694678,0.001105391,,,,,,,,,,,
371,72000,0.000685364,0.000692959,0.000694597,0.001047367,,,61000,0.000685564,0.000692981,0.00069458,0.001034936,,,,,,,,,,,
372,65500,0.000685551,0.00069298,0.000694581,0.001035736,,,61000,0.000683236,0.000692722,0.000694777,0.001172057,,,,,,,,,,,
373,61500,0.000684511,0.000692864,0.000694669,0.001098998,,,61000,0.000683829,0.000692788,0.000694727,0.001138643,,,,,,,,,,,
374,62000,0.000684731,0.000692889,0.000694651,0.001085932,,,61500,0.000683597,0.000692762,0.000694747,0.001151809,,,,,,,,,,,
375,63000,0.000684394,0.000692851,0.000694679,0.0011059,,,61500,0.000684718,0.000692887,0.000694652,0.001086699,,,,,,,,,,,
376,60000,0.000685023,0.000692921,0.000694626,0.001068327,,,61500,0.000685046,0.000692924,0.000694624,0.001066881,,,,,,,,,,,
377,57000,0.000683718,0.000692776,0.000694736,0.001144986,,,61500,0.000683226,0.000692721,0.000694778,0.001172609,,,,,,,,,,,
378,67000,0.000685615,0.000692987,0.000694576,0.00103171,,,61500,0.000683966,0.000692803,0.000694715,0.001130798,,,,,,,,,,,
379,61500,0.000685052,0.000692924,0.000694624,0.001066563,,,61500,0.000685352,0.000692958,0.000694598,0.0010481,,,,,,,,,,,
380,67500,0.00068534,0.000692956,0.000694599,0.001048883,,,61500,0.000684705,0.000692886,0.000694653,0.001087479,,,,,,,,,,,
381,58500,0.000683925,0.000692799,0.000694719,0.001133172,,,61500,0.000683636,0.000692766,0.000694743,0.001149648,,,,,,,,,,,
382,65000,0.000684904,0.000692908,0.000694636,0.001075533,,,61500,0.000685456,0.000692969,0.000694589,0.001041659,,,,,,,,,,,
383,61500,0.000684399,0.000692852,0.000694679,0.001105622,,,61500,0.000684417,0.000692854,0.000694677,0.001104569,,,,,,,,,,,
384,66500,0.000685569,0.000692982,0.00069458,0.001034596,,,61500,0.000684133,0.000692822,0.000694701,0.001121127,,,,,,,,,,,
385,57000,0.000681801,0.00069256,0.000694899,0.001249363,,,61500,0.000684519,0.000692865,0.000694669,0.001098528,,,,,,,,,,,
386,61500,0.000684463,0.000692859,0.000694673,0.001101829,,,61500,0.000683512,0.000692753,0.000694754,0.001156599,,,,,,,,,,,
387,58500,0.000682706,0.000692662,0.000694822,0.001201163,,,61500,0.000684461,0.000692859,0.000694673,0.001101956,,,,,,,,,,,
388,63000,0.00068448,0.000692861,0.000694672,0.001100811,,,61500,0.000685257,0.000692947,0.000694606,0.001053968,,,,,,,,,,,
389,56500,0.000683142,0.000692711,0.000694785,0.001177291,,,61500,0.000684242,0.000692834,0.000694692,0.001114776,,,,,,,,,,,
390,65500,0.000685623,0.000692988,0.000694575,0.001031235,,,61500,0.000683997,0.000692807,0.000694713,0.00112901,,,,,,,,,,,
391,62500,0.000685706,0.000692997,0.000694568,0.001026007,,,61500,0.000685548,0.000692979,0.000694582,0.001035912,,,,,,,,,,,
392,64000,0.000685231,0.000692944,0.000694608,0.001055569,,,61500,0.000685315,0.000692953,0.000694601,0.001050422,,,,,,,,,,,
393,64000,0.000685949,0.000693024,0.000694548,0.001010494,,,61500,0.000684511,0.000692864,0.000694669,0.001098998,,,,,,,,,,,
394,67500,0.000685874,0.000693015,0.000694554,0.001015293,,,61500,0.000685052,0.000692924,0.000694624,0.001066563,,,,,,,,,,,
395,67500,0.000686075,0.000693038,0.000694537,0.001002393,,,61500,0.000684399,0.000692852,0.000694679,0.001105622,,,,,,,,,,,
396,55500,0.000681458,0.000692521,0.000694928,0.001267187,,,61500,0.000684463,0.000692859,0.000694673,0.001101829,,,,,,,,,,,
397,65500,0.000685208,0.000692942,0.00069461,0.001056992,,,61500,0.000685018,0.000692921,0.000694626,0.00106862,,,,,,,,,,,
398,52500,0.000680199,0.000692379,0.000695035,0.001330613,,,61500,0.00068469,0.000692884,0.000694654,0.001088343,,,,,,,,,,,
399,55500,0.000684513,0.000692864,0.000694669,0.001098885,,,61500,0.000685283,0.00069295,0.000694604,0.001052372,,,,,,,,,,,
400,63500,0.000685663,0.000692992,0.000694572,0.001028724,,,61500,0.000683861,0.000692792,0.000694724,0.00113682,,,,,,,,,,,
401,67500,0.000686036,0.000693033,0.00069454,0.001004917,,,61500,0.000685631,0.000692988,0.000694575,0.001030728,,,,,,,,,,,
402,69000,0.000686077,0.000693038,0.000694537,0.001002263,,,61500,0.000685446,0.000692968,0.00069459,0.001042264,,,,,,,,,,,
403,66000,0.000685805,0.000693008,0.00069456,0.001019737,,,61500,0.000685665,0.000692992,0.000694572,0.001028596,,,,,,,,,,,
404,59000,0.000683658,0.000692769,0.000694741,0.001148391,,,61500,0.000684084,0.000692817,0.000694705,0.001123954,,,,,,,,,,,
405,64000,0.000685706,0.000692997,0.000694568,0.00102598,,,61500,0.000684191,0.000692829,0.000694696,0.001117753,,,,,,,,,,,
406,66500,0.000686038,0.000693034,0.00069454,0.001004785,,,61500,0.000683573,0.000692759,0.000694749,0.001153175,,,,,,,,,,,
407,55000,0.000680847,0.000692452,0.00069498,0.001298324,,,61500,0.000684791,0.000692895,0.000694646,0.001082343,,,,,,,,,,,
408,62000,0.000684649,0.000692879,0.000694658,0.00109084,,,61500,0.000684703,0.000692886,0.000694653,0.001087579,,,,,,,,,,,
409,65000,0.000685484,0.000692972,0.000694587,0.001039939,,,61500,0.000683612,0.000692764,0.000694745,0.001150983,,,,,,,,,,,
410,65500,0.000685378,0.00069296,0.000694596,0.001046526,,,61500,0.000683439,0.000692744,0.00069476,0.001160727,,,,,,,,,,,
411,62000,0.000684786,0.000692895,0.000694646,0.001082649,,,61500,0.000685822,0.00069301,0.000694558,0.001018608,,,,,,,,,,,
412,68000,0.00068476,0.000692892,0.000694648,0.001084209,,,61500,0.000684027,0.00069281,0.00069471,0.001127285,,,,,,,,,,,
413,58500,0.000685022,0.000692921,0.000694626,0.001068395,,,61500,0.000684484,0.000692861,0.000694672,0.001100614,,,,,,,,,,,
414,64500,0.000685014,0.00069292,0.000694627,0.00106885,,,61500,0.000684372,0.000692849,0.000694681,0.001107218,,,,,,,,,,,
415,63000,0.000684585,0.000692872,0.000694663,0.001094626,,,61500,0.00068502,0.000692921,0.000694626,0.001068474,,,,,,,,,,,
416,68500,0.000685393,0.000692962,0.000694595,0.001045576,,,61500,0.000685127,0.000692933,0.000694617,0.001061962,,,,,,,,,,,
417,67000,0.000685719,0.000692998,0.000694567,0.001025184,,,61500,0.00068487,0.000692904,0.000694639,0.00107759,,,,,,,,,,,
418,62500,0.000684912,0.000692909,0.000694635,0.001075021,,,61500,0.000684363,0.000692848,0.000694682,0.001107693,,,,,,,,,,,
419,66000,0.00068571,0.000692997,0.000694568,0.001025761,,,61500,0.000684153,0.000692824,0.000694699,0.001119965,,,,,,,,,,,
420,58500,0.000682578,0.000692648,0.000694833,0.001208105,,,62000,0.000685444,0.000692968,0.00069459,0.001042436,,,,,,,,,,,
421,59500,0.000683164,0.000692714,0.000694783,0.001176053,,,62000,0.000685142,0.000692934,0.000694616,0.001061061,,,,,,,,,,,
422,63500,0.000684536,0.000692867,0.000694667,0.001097525,,,62000,0.000684208,0.00069283,0.000694695,0.001116766,,,,,,,,,,,
423,58500,0.000683046,0.0006927,0.000694793,0.001182557,,,62000,0.000684686,0.000692884,0.000694654,0.001088617,,,,,,,,,,,
424,62500,0.000686067,0.000693037,0.000694538,0.001002892,,,62000,0.000685174,0.000692938,0.000694613,0.00105909,,,,,,,,,,,
425,61000,0.000684547,0.000692868,0.000694666,0.001096846,,,62000,0.000685304,0.000692952,0.000694602,0.001051095,,,,,,,,,,,
426,66000,0.000685582,0.000692983,0.000694579,0.001033807,,,62000,0.000685122,0.000692932,0.000694618,0.001062284,,,,,,,,,,,
427,59000,0.000684498,0.000692863,0.00069467,0.001099752,,,62000,0.000683761,0.00069278,0.000694733,0.001142521,,,,,,,,,,,
428,62000,0.000684908,0.000692908,0.000694636,0.001075293,,,62000,0.000684991,0.000692918,0.000694629,0.00107027,,,,,,,,,,,
429,65500,0.000685882,0.000693016,0.000694553,0.00101481,,,62000,0.00068486,0.000692903,0.00069464,0.00107819,,,,,,,,,,,
430,59000,0.00068484,0.000692901,0.000694641,0.001079355,,,62000,0.000685678,0.000692994,0.000694571,0.001027729,,,,,,,,,,,
431,59000,0.000685191,0.00069294,0.000694612,0.001058023,,,62000,0.000685079,0.000692927,0.000694621,0.001064885,,,,,,,,,,,
432,67000,0.000684921,0.00069291,0.000694635,0.001074477,,,62000,0.000684238,0.000692834,0.000694692,0.001115044,,,,,,,,,,,
433,58000,0.000684412,0.000692853,0.000694678,0.001104817,,,62000,0.000685836,0.000693011,0.000694557,0.001017758,,,,,,,,,,,
434,61000,0.000685087,0.000692928,0.000694621,0.001064384,,,62000,0.000684309,0.000692842,0.000694686,0.001110859,,,,,,,,,,,
435,64000,0.000685388,0.000692962,0.000694595,0.001045922,,,62000,0.00068511,0.000692931,0.000694619,0.001063034,,,,,,,,,,,
436,60500,0.000682486,0.000692637,0.000694841,0.001213083,,,62000,0.00068517,0.000692937,0.000694614,0.001059356,,,,,,,,,,,
437,62500,0.000685724,0.000692999,0.000694567,0.001024836,,,62000,0.000684731,0.000692889,0.000694651,0.001085932,,,,,,,,,,,
438,68000,0.000685891,0.000693017,0.000694553,0.001014218,,,62000,0.000684649,0.000692879,0.000694658,0.00109084,,,,,,,,,,,
439,66000,0.000685967,0.000693026,0.000694546,0.001009382,,,62000,0.000684786,0.000692895,0.000694646,0.001082649,,,,,,,,,,,
440,62500,0.000684738,0.000692889,0.00069465,0.001085482,,,62000,0.000684908,0.000692908,0.000694636,0.001075293,,,,,,,,,,,
441,58500,0.000683113,0.000692708,0.000694788,0.001178861,,,62000,0.00068447,0.00069286,0.000694673,0.001101419,,,,,,,,,,,
442,64000,0.000685596,0.000692985,0.000694578,0.001032911,,,62000,0.000685663,0.000692992,0.000694572,0.001028672,,,,,,,,,,,
443,64000,0.000685008,0.000692919,0.000694627,0.001069206,,,62000,0.00068528,0.00069295,0.000694604,0.001052573,,,,,,,,,,,
444,60500,0.000684638,0.000692878,0.000694658,0.001091441,,,62000,0.000684606,0.000692875,0.000694661,0.001093341,,,,,,,,,,,
445,62500,0.000686028,0.000693032,0.000694541,0.001005438,,,62000,0.000685461,0.00069297,0.000694589,0.001041354,,,,,,,,,,,
446,67500,0.000685708,0.000692997,0.000694568,0.001025832,,,62000,0.000684686,0.000692884,0.000694654,0.001088633,,,,,,,,,,,
447,65000,0.000685439,0.000692967,0.000694591,0.001042725,,,62000,0.000685014,0.00069292,0.000694627,0.001068869,,,,,,,,,,,
448,59500,0.000682748,0.000692667,0.000694818,0.001198913,,,62000,0.000685331,0.000692955,0.0006946,0.001049439,,,,,,,,,,,
449,70000,0.000685999,0.000693029,0.000694544,0.001007324,,,62000,0.00068476,0.000692892,0.000694648,0.001084199,,,,,,,,,,,
450,68000,0.000685854,0.000693013,0.000694556,0.001016575,,,62000,0.000683299,0.000692729,0.000694772,0.001168548,,,,,,,,,,,
451,60000,0.000685014,0.00069292,0.000694627,0.001068828,,,62000,0.00068445,0.000692857,0.000694674,0.001102615,,,,,,,,,,,
452,58000,0.000683213,0.000692719,0.000694779,0.001173351,,,62000,0.000685588,0.000692984,0.000694578,0.001033399,,,,,,,,,,,
453,64500,0.000685751,0.000693002,0.000694565,0.001023155,,,62000,0.000684702,0.000692885,0.000694653,0.001087673,,,,,,,,,,,
454,53500,0.0006825,0.000692639,0.000694839,0.001212298,,,62000,0.000685785,0.000693005,0.000694562,0.001021001,,,,,,,,,,,
455,59000,0.000682763,0.000692669,0.000694817,0.001198052,,,62000,0.000685729,0.000692999,0.000694566,0.001024526,,,,,,,,,,,
456,61500,0.000685018,0.000692921,0.000694626,0.00106862,,,62000,0.000685194,0.00069294,0.000694611,0.001057846,,,,,,,,,,,
457,57000,0.000681871,0.000692568,0.000694893,0.001245724,,,62000,0.0006844,0.000692852,0.000694679,0.001105561,,,,,,,,,,,
458,56500,0.000683114,0.000692708,0.000694787,0.001178838,,,62000,0.000683356,0.000692735,0.000694767,0.001165385,,,,,,,,,,,
459,56000,0.000682888,0.000692683,0.000694807,0.001191247,,,62000,0.000684155,0.000692824,0.000694699,0.001119879,,,,,,,,,,,
460,63000,0.000684153,0.000692824,0.000694699,0.001119953,,,62000,0.000684821,0.000692899,0.000694643,0.001080528,,,,,,,,,,,
461,65500,0.000685168,0.000692937,0.000694614,0.001059473,,,62000,0.000685431,0.000692966,0.000694592,0.001043256,,,,,,,,,,,
462,53000,0.000681624,0.00069254,0.000694914,0.001258589,,,62000,0.000684703,0.000692886,0.000694653,0.001087571,,,,,,,,,,,
463,61500,0.00068469,0.000692884,0.000694654,0.001088343,,,62000,0.000685323,0.000692954,0.000694601,0.001049934,,,,,,,,,,,
464,56500,0.000683062,0.000692702,0.000694792,0.001181704,,,62000,0.000684495,0.000692862,0.000694671,0.001099946,,,,,,,,,,,
465,67500,0.000685849,0.000693013,0.000694556,0.001016905,,,62000,0.000684694,0.000692885,0.000694654,0.001088108,,,,,,,,,,,
466,64000,0.000685735,0.000693,0.000694566,0.001024153,,,62000,0.00068497,0.000692915,0.00069463,0.001071507,,,,,,,,,,,
467,61000,0.000684792,0.000692895,0.000694646,0.001082284,,,62000,0.000685474,0.000692971,0.000694588,0.001040574,,,,,,,,,,,
468,71000,0.000686084,0.000693039,0.000694536,0.001001836,,,62500,0.000684747,0.00069289,0.000694649,0.001084953,,,,,,,,,,,
469,66500,0.000685299,0.000692952,0.000694603,0.001051392,,,62500,0.000684009,0.000692808,0.000694712,0.001128292,,,,,,,,,,,
470,69500,0.000686085,0.000693039,0.000694536,0.001001743,,,62500,0.000685309,0.000692953,0.000694602,0.001050801,,,,,,,,,,,
471,65000,0.000685293,0.000692951,0.000694603,0.001051801,,,62500,0.000685201,0.000692941,0.000694611,0.001057457,,,,,,,,,,,
472,65500,0.000686067,0.000693037,0.000694538,0.001002942,,,62500,0.000685471,0.000692971,0.000694588,0.001040752,,,,,,,,,,,
473,58500,0.000683387,0.000692739,0.000694764,0.001163632,,,62500,0.000684475,0.00069286,0.000694672,0.001101107,,,,,,,,,,,
474,65500,0.000685702,0.000692996,0.000694569,0.001026245,,,62500,0.000685068,0.000692926,0.000694622,0.001065561,,,,,,,,,,,
475,64500,0.000685072,0.000692926,0.000694622,0.001065344,,,62500,0.000685144,0.000692934,0.000694616,0.00106095,,,,,,,,,,,
476,58500,0.000683853,0.000692791,0.000694725,0.001137283,,,62500,0.000685533,0.000692978,0.000694583,0.001036879,,,,,,,,,,,
477,68000,0.000686091,0.000693039,0.000694536,0.001001343,,,62500,0.000684748,0.000692891,0.000694649,0.001084875,,,,,,,,,,,
478,56000,0.000683919,0.000692798,0.000694719,0.001133481,,,62500,0.000685008,0.000692919,0.000694627,0.001069223,,,,,,,,,,,
479,66500,0.000685577,0.000692983,0.000694579,0.001034103,,,62500,0.000684682,0.000692883,0.000694655,0.00108882,,,,,,,,,,,
480,57500,0.000681544,0.000692531,0.000694921,0.001262747,,,62500,0.000685179,0.000692938,0.000694613,0.001058808,,,,,,,,,,,
481,63500,0.000684104,0.000692819,0.000694704,0.001122823,,,62500,0.00068501,0.00069292,0.000694627,0.001069086,,,,,,,,,,,
482,56500,0.000683109,0.000692707,0.000694788,0.001179087,,,62500,0.000685585,0.000692983,0.000694578,0.001033574,,,,,,,,,,,
483,68500,0.000685546,0.000692979,0.000694582,0.001036061,,,62500,0.000685022,0.000692921,0.000694626,0.001068354,,,,,,,,,,,
484,60500,0.000684775,0.000692893,0.000694647,0.001083297,,,62500,0.000685721,0.000692998,0.000694567,0.001025051,,,,,,,,,,,
485,56000,0.000683005,0.000692696,0.000694797,0.001184858,,,62500,0.000684169,0.000692826,0.000694698,0.001119037,,,,,,,,,,,
486,66500,0.000685611,0.000692986,0.000694576,0.00103197,,,62500,0.000685737,0.000693,0.000694566,0.001024003,,,,,,,,,,,
487,61500,0.000685283,0.00069295,0.000694604,0.001052372,,,62500,0.00068498,0.000692916,0.00069463,0.001070911,,,,,,,,,,,
488,62000,0.00068447,0.00069286,0.000694673,0.001101419,,,62500,0.000684896,0.000692907,0.000694637,0.001075991,,,,,,,,,,,
489,69000,0.000685592,0.000692984,0.000694578,0.001033166,,,62500,0.000686064,0.000693036,0.000694538,0.001003111,,,,,,,,,,,
490,64000,0.000685769,0.000693004,0.000694563,0.001022021,,,62500,0.000685706,0.000692997,0.000694568,0.001026007,,,,,,,,,,,
491,66000,0.000685791,0.000693006,0.000694561,0.001020612,,,62500,0.000684912,0.000692909,0.000694635,0.001075021,,,,,,,,,,,
492,64000,0.00068545,0.000692968,0.00069459,0.001042025,,,62500,0.000686067,0.000693037,0.000694538,0.001002892,,,,,,,,,,,
493,67000,0.000685768,0.000693004,0.000694563,0.001022032,,,62500,0.000685724,0.000692999,0.000694567,0.001024836,,,,,,,,,,,
494,66000,0.000685116,0.000692931,0.000694618,0.001062664,,,62500,0.000684738,0.000692889,0.00069465,0.001085482,,,,,,,,,,,
495,60500,0.000683919,0.000692798,0.000694719,0.00113349,,,62500,0.000686028,0.000693032,0.000694541,0.001005438,,,,,,,,,,,
496,57000,0.000682915,0.000692686,0.000694804,0.001189785,,,62500,0.00068516,0.000692936,0.000694614,0.001059958,,,,,,,,,,,
497,64500,0.000685447,0.000692968,0.00069459,0.00104221,,,62500,0.000685184,0.000692939,0.000694612,0.001058505,,,,,,,,,,,
498,66500,0.000685863,0.000693014,0.000694555,0.001016006,,,62500,0.000685686,0.000692995,0.00069457,0.001027255,,,,,,,,,,,
499,68500,0.000686056,0.000693035,0.000694539,0.001003622,,,62500,0.000684379,0.000692849,0.00069468,0.001106759,,,,,,,,,,,
500,57000,0.00068163,0.000692541,0.000694913,0.001258272,,,62500,0.000683855,0.000692791,0.000694725,0.001137134,,,,,,,,,,,
501,66000,0.000685132,0.000692933,0.000694617,0.001061656,,,62500,0.000685011,0.00069292,0.000694627,0.001069063,,,,,,,,,,,
502,64000,0.00068545,0.000692968,0.00069459,0.001042029,,,62500,0.000684447,0.000692857,0.000694675,0.001102761,,,,,,,,,,,
503,56500,0.000683774,0.000692782,0.000694732,0.001141775,,,62500,0.000685284,0.00069295,0.000694604,0.001052303,,,,,,,,,,,
504,64500,0.000685087,0.000692928,0.000694621,0.001064439,,,62500,0.000685534,0.000692978,0.000694583,0.001036771,,,,,,,,,,,
505,56500,0.000682842,0.000692677,0.000694811,0.001193779,,,62500,0.000685079,0.000692927,0.000694621,0.001064877,,,,,,,,,,,
506,60000,0.000683949,0.000692801,0.000694717,0.001131762,,,62500,0.000684469,0.00069286,0.000694673,0.001101456,,,,,,,,,,,
507,59500,0.000683315,0.000692731,0.00069477,0.00116767,,,62500,0.000684585,0.000692872,0.000694663,0.001094608,,,,,,,,,,,
508,54500,0.000681397,0.000692515,0.000694933,0.001270323,,,62500,0.000683499,0.000692751,0.000694755,0.001157347,,,,,,,,,,,
509,68000,0.000685632,0.000692989,0.000694575,0.001030665,,,62500,0.000684437,0.000692856,0.000694676,0.001103387,,,,,,,,,,,
510,65000,0.000685305,0.000692952,0.000694602,0.001051027,,,62500,0.000685036,0.000692923,0.000694625,0.001067505,,,,,,,,,,,
511,64500,0.000685977,0.000693027,0.000694545,0.001008684,,,62500,0.000684652,0.00069288,0.000694657,0.001090642,,,,,,,,,,,
512,62500,0.00068516,0.000692936,0.000694614,0.001059958,,,62500,0.000684142,0.000692823,0.0006947,0.001120609,,,,,,,,,,,
513,67000,0.000685497,0.000692974,0.000694586,0.001039125,,,62500,0.00068369,0.000692773,0.000694739,0.001146573,,,,,,,,,,,
514,63000,0.000684439,0.000692856,0.000694675,0.001103248,,,62500,0.000684752,0.000692891,0.000694649,0.001084684,,,,,,,,,,,
515,65500,0.000685406,0.000692964,0.000694594,0.001044797,,,62500,0.000685029,0.000692922,0.000694625,0.001067919,,,,,,,,,,,
516,63000,0.000684666,0.000692881,0.000694656,0.00108981,,,62500,0.00068511,0.000692931,0.000694619,0.001062989,,,,,,,,,,,
517,65000,0.000685895,0.000693018,0.000694552,0.001013965,,,62500,0.000685202,0.000692941,0.000694611,0.001057375,,,,,,,,,,,
518,63500,0.000685842,0.000693012,0.000694557,0.001017369,,,62500,0.000685818,0.000693009,0.000694559,0.001018911,,,,,,,,,,,
519,61500,0.000683861,0.000692792,0.000694724,0.00113682,,,62500,0.000684857,0.000692903,0.00069464,0.001078325,,,,,,,,,,,
520,65500,0.000685452,0.000692969,0.00069459,0.001041903,,,62500,0.000684749,0.000692891,0.000694649,0.001084852,,,,,,,,,,,
521,68500,0.000686104,0.000693041,0.000694535,0.001000531,,,62500,0.00068434,0.000692845,0.000694684,0.001109072,,,,,,,,,,,
522,61000,0.000684382,0.00069285,0.00069468,0.001106609,,,62500,0.000685771,0.000693004,0.000694563,0.001021843,,,,,,,,,,,
523,64500,0.00068518,0.000692938,0.000694613,0.001058745,,,62500,0.000684296,0.00069284,0.000694687,0.001111658,,,,,,,,,,,
524,60000,0.000684381,0.00069285,0.00069468,0.001106641,,,62500,0.00068498,0.000692916,0.00069463,0.001070924,,,,,,,,,,,
525,56000,0.000682341,0.000692621,0.000694853,0.001220858,,,62500,0.000685277,0.000692949,0.000694604,0.00105274,,,,,,,,,,,
526,61000,0.000685372,0.00069296,0.000694597,0.001046898,,,63000,0.00068494,0.000692912,0.000694633,0.001073363,,,,,,,,,,,
527,59500,0.000684918,0.000692909,0.000694635,0.001074689,,,63000,0.000684151,0.000692824,0.0006947,0.001120106,,,,,,,,,,,
528,62500,0.000685184,0.000692939,0.000694612,0.001058505,,,63000,0.000685213,0.000692942,0.00069461,0.001056717,,,,,,,,,,,
529,57000,0.000681827,0.000692563,0.000694897,0.00124803,,,63000,0.000685008,0.000692919,0.000694627,0.001069228,,,,,,,,,,,
530,64500,0.000685239,0.000692945,0.000694608,0.001055075,,,63000,0.000685209,0.000692942,0.00069461,0.001056949,,,,,,,,,,,
531,64500,0.000684313,0.000692842,0.000694686,0.001110649,,,63000,0.000683925,0.000692799,0.000694719,0.001133126,,,,,,,,,,,
532,66000,0.000685718,0.000692998,0.000694567,0.00102521,,,63000,0.00068529,0.000692951,0.000694603,0.001051939,,,,,,,,,,,
533,57500,0.00068334,0.000692733,0.000694768,0.001166265,,,63000,0.000683574,0.00069276,0.000694749,0.001153149,,,,,,,,,,,
534,63500,0.000685402,0.000692963,0.000694594,0.001045017,,,63000,0.000685754,0.000693002,0.000694564,0.001022955,,,,,,,,,,,
535,59500,0.000684227,0.000692832,0.000694693,0.001115688,,,63000,0.000683333,0.000692733,0.000694769,0.001166635,,,,,,,,,,,
536,66500,0.000685624,0.000692988,0.000694575,0.00103114,,,63000,0.00068299,0.000692694,0.000694798,0.001185685,,,,,,,,,,,
537,62000,0.000685663,0.000692992,0.000694572,0.001028672,,,63000,0.000684149,0.000692824,0.0006947,0.001120198,,,,,,,,,,,
538,63000,0.000685255,0.000692947,0.000694606,0.001054136,,,63000,0.000684313,0.000692842,0.000694686,0.001110674,,,,,,,,,,,
539,63000,0.000684132,0.000692822,0.000694701,0.001121186,,,63000,0.000685958,0.000693025,0.000694547,0.001009907,,,,,,,,,,,
540,65000,0.000685846,0.000693012,0.000694556,0.001017082,,,63000,0.000684718,0.000692887,0.000694652,0.001086714,,,,,,,,,,,
541,63500,0.000685132,0.000692933,0.000694617,0.001061664,,,63000,0.000684797,0.000692896,0.000694645,0.001081985,,,,,,,,,,,
542,55500,0.000682502,0.000692639,0.000694839,0.001212215,,,63000,0.000685657,0.000692991,0.000694572,0.001029065,,,,,,,,,,,
543,63500,0.000684979,0.000692916,0.00069463,0.00107097,,,63000,0.000685477,0.000692971,0.000694588,0.00104037,,,,,,,,,,,
544,57000,0.000683329,0.000692732,0.000694769,0.001166887,,,63000,0.000685217,0.000692943,0.00069461,0.001056444,,,,,,,,,,,
545,64500,0.000684959,0.000692914,0.000694631,0.001072191,,,63000,0.000685477,0.000692971,0.000694588,0.001040364,,,,,,,,,,,
546,59500,0.000683086,0.000692705,0.00069479,0.001180363,,,63000,0.000684581,0.000692872,0.000694663,0.001094878,,,,,,,,,,,
547,69000,0.00068581,0.000693008,0.00069456,0.001019382,,,63000,0.000685661,0.000692992,0.000694572,0.001028801,,,,,,,,,,,
548,65500,0.000684061,0.000692814,0.000694707,0.001125302,,,63000,0.000685211,0.000692942,0.00069461,0.001056824,,,,,,,,,,,
549,67500,0.000685505,0.000692975,0.000694585,0.001038638,,,63000,0.000684588,0.000692873,0.000694663,0.001094414,,,,,,,,,,,
550,64000,0.000685322,0.000692954,0.000694601,0.001049969,,,63000,0.000685302,0.000692952,0.000694602,0.001051229,,,,,,,,,,,
551,57500,0.000683538,0.000692756,0.000694752,0.001155132,,,63000,0.000684394,0.000692851,0.000694679,0.0011059,,,,,,,,,,,
552,60500,0.000684896,0.000692907,0.000694637,0.001075996,,,63000,0.00068448,0.000692861,0.000694672,0.001100811,,,,,,,,,,,
553,57000,0.000682409,0.000692629,0.000694847,0.001217185,,,63000,0.000684585,0.000692872,0.000694663,0.001094626,,,,,,,,,,,
554,62500,0.000685686,0.000692995,0.00069457,0.001027255,,,63000,0.000684153,0.000692824,0.000694699,0.001119953,,,,,,,,,,,
555,63000,0.000686088,0.000693039,0.000694536,0.001001587,,,63000,0.000684439,0.000692856,0.000694675,0.001103248,,,,,,,,,,,
556,58000,0.000683031,0.000692699,0.000694794,0.001183411,,,63000,0.000684666,0.000692881,0.000694656,0.00108981,,,,,,,,,,,
557,60500,0.000684372,0.000692849,0.000694681,0.001107211,,,63000,0.000685255,0.000692947,0.000694606,0.001054136,,,,,,,,,,,
558,66500,0.000685718,0.000692998,0.000694567,0.001025236,,,63000,0.000684132,0.000692822,0.000694701,0.001121186,,,,,,,,,,,
559,67500,0.000685805,0.000693008,0.00069456,0.001019724,,,63000,0.000686088,0.000693039,0.000694536,0.001001587,,,,,,,,,,,
560,66000,0.000685958,0.000693025,0.000694547,0.001009965,,,63000,0.000684916,0.000692909,0.000694635,0.001074772,,,,,,,,,,,
561,64000,0.000685675,0.000692993,0.000694571,0.001027965,,,63000,0.000685277,0.000692949,0.000694605,0.001052766,,,,,,,,,,,
562,64500,0.000685534,0.000692978,0.000694583,0.001036822,,,63000,0.000685286,0.00069295,0.000694604,0.001052217,,,,,,,,,,,
563,58000,0.000683804,0.000692785,0.000694729,0.001140066,,,63000,0.000684879,0.000692905,0.000694638,0.001077046,,,,,,,,,,,
564,63000,0.000684916,0.000692909,0.000694635,0.001074772,,,63000,0.00068558,0.000692983,0.000694579,0.001033909,,,,,,,,,,,
565,70000,0.00068596,0.000693025,0.000694547,0.001009833,,,63000,0.000684921,0.00069291,0.000694635,0.001074487,,,,,,,,,,,
566,61000,0.000684115,0.00069282,0.000694703,0.0011222,,,63000,0.00068484,0.000692901,0.000694641,0.001079346,,,,,,,,,,,
567,63500,0.000684117,0.00069282,0.000694703,0.001122089,,,63000,0.00068257,0.000692647,0.000694834,0.001208517,,,,,,,,,,,
568,59500,0.000683404,0.00069274,0.000694763,0.001162709,,,63000,0.000685434,0.000692967,0.000694591,0.001043045,,,,,,,,,,,
569,63500,0.000685686,0.000692995,0.00069457,0.001027217,,,63000,0.000685827,0.00069301,0.000694558,0.001018326,,,,,,,,,,,
570,66000,0.000685595,0.000692985,0.000694578,0.001032963,,,63000,0.000685196,0.00069294,0.000694611,0.001057763,,,,,,,,,,,
571,64500,0.000685945,0.000693023,0.000694548,0.001010777,,,63000,0.000685584,0.000692983,0.000694579,0.001033665,,,,,,,,,,,
572,60000,0.000684803,0.000692897,0.000694645,0.001081627,,,63000,0.000684927,0.00069291,0.000694634,0.001074155,,,,,,,,,,,
573,66500,0.000685649,0.000692991,0.000694573,0.001029556,,,63000,0.000684679,0.000692883,0.000694655,0.001089012,,,,,,,,,,,
574,61000,0.000683646,0.000692768,0.000694742,0.001149084,,,63000,0.000684445,0.000692857,0.000694675,0.001102873,,,,,,,,,,,
575,68500,0.00068586,0.000693014,0.000694555,0.001016193,,,63000,0.000685109,0.000692931,0.000694619,0.001063067,,,,,,,,,,,
576,62500,0.000684379,0.000692849,0.00069468,0.001106759,,,63000,0.000685566,0.000692981,0.00069458,0.001034813,,,,,,,,,,,
577,62500,0.000683855,0.000692791,0.000694725,0.001137134,,,63000,0.000685072,0.000692927,0.000694622,0.001065322,,,,,,,,,,,
578,66000,0.000686077,0.000693038,0.000694537,0.001002241,,,63000,0.000685064,0.000692926,0.000694622,0.001065795,,,,,,,,,,,
579,66000,0.000686005,0.00069303,0.000694543,0.001006937,,,63500,0.000685784,0.000693005,0.000694562,0.001021056,,,,,,,,,,,
580,65000,0.000684951,0.000692913,0.000694632,0.001072673,,,63500,0.000683821,0.000692787,0.000694728,0.001139082,,,,,,,,,,,
581,63500,0.000686098,0.00069304,0.000694535,0.001000936,,,63500,0.000685371,0.00069296,0.000694597,0.001046977,,,,,,,,,,,
582,63500,0.000684205,0.00069283,0.000694695,0.001116957,,,63500,0.000685936,0.000693022,0.000694549,0.001011324,,,,,,,,,,,
583,62500,0.000685011,0.00069292,0.000694627,0.001069063,,,63500,0.000684873,0.000692904,0.000694639,0.001077392,,,,,,,,,,,
584,68500,0.000685757,0.000693002,0.000694564,0.001022755,,,63500,0.000686016,0.000693031,0.000694542,0.001006183,,,,,,,,,,,
585,56000,0.000681879,0.000692569,0.000694892,0.001245281,,,63500,0.000683843,0.00069279,0.000694726,0.001137863,,,,,,,,,,,
586,56000,0.000682238,0.00069261,0.000694862,0.00122632,,,63500,0.000684145,0.000692823,0.0006947,0.001120473,,,,,,,,,,,
587,61500,0.000685631,0.000692988,0.000694575,0.001030728,,,63500,0.00068458,0.000692872,0.000694663,0.001094912,,,,,,,,,,,
588,57500,0.000683551,0.000692757,0.00069475,0.00115443,,,63500,0.000685056,0.000692925,0.000694623,0.001066294,,,,,,,,,,,
589,57000,0.000683356,0.000692735,0.000694767,0.001165378,,,63500,0.000684999,0.000692918,0.000694628,0.001069777,,,,,,,,,,,
590,59000,0.000683093,0.000692706,0.000694789,0.001180001,,,63500,0.000684987,0.000692917,0.000694629,0.001070485,,,,,,,,,,,
591,63000,0.000685277,0.000692949,0.000694605,0.001052766,,,63500,0.00068606,0.000693036,0.000694538,0.001003379,,,,,,,,,,,
592,66500,0.000685857,0.000693014,0.000694556,0.001016393,,,63500,0.000684731,0.000692889,0.000694651,0.001085886,,,,,,,,,,,
593,62500,0.000684447,0.000692857,0.000694675,0.001102761,,,63500,0.00068534,0.000692956,0.000694599,0.001048892,,,,,,,,,,,
594,64500,0.000685391,0.000692962,0.000694595,0.001045685,,,63500,0.000685793,0.000693006,0.000694561,0.001020476,,,,,,,,,,,
595,56000,0.000683312,0.00069273,0.000694771,0.001167832,,,63500,0.000684915,0.000692909,0.000694635,0.001074863,,,,,,,,,,,
596,59000,0.000685025,0.000692921,0.000694626,0.001068211,,,63500,0.000684657,0.00069288,0.000694657,0.001090311,,,,,,,,,,,
597,67000,0.000685379,0.000692961,0.000694596,0.001046458,,,63500,0.000685201,0.000692941,0.000694611,0.001057434,,,,,,,,,,,
598,63500,0.000685549,0.000692979,0.000694582,0.001035857,,,63500,0.000685297,0.000692952,0.000694603,0.00105151,,,,,,,,,,,
599,63500,0.000684868,0.000692904,0.000694639,0.001077704,,,63500,0.000685788,0.000693006,0.000694561,0.001020763,,,,,,,,,,,
600,59000,0.000682651,0.000692656,0.000694827,0.001204141,,,63500,0.000685663,0.000692992,0.000694572,0.001028724,,,,,,,,,,,
601,56500,0.000682082,0.000692592,0.000694875,0.00123462,,,63500,0.000684536,0.000692867,0.000694667,0.001097525,,,,,,,,,,,
602,64500,0.000685503,0.000692974,0.000694585,0.001038769,,,63500,0.000684104,0.000692819,0.000694704,0.001122823,,,,,,,,,,,
603,59500,0.000684829,0.0006929,0.000694642,0.001080045,,,63500,0.000685842,0.000693012,0.000694557,0.001017369,,,,,,,,,,,
604,65500,0.000686004,0.00069303,0.000694543,0.001007007,,,63500,0.000685402,0.000692963,0.000694594,0.001045017,,,,,,,,,,,
605,63500,0.000684903,0.000692908,0.000694636,0.001075583,,,63500,0.000685132,0.000692933,0.000694617,0.001061664,,,,,,,,,,,
606,62000,0.00068528,0.00069295,0.000694604,0.001052573,,,63500,0.000684979,0.000692916,0.00069463,0.00107097,,,,,,,,,,,
607,67000,0.00068593,0.000693022,0.000694549,0.001011704,,,63500,0.000684117,0.00069282,0.000694703,0.001122089,,,,,,,,,,,
608,62500,0.000685284,0.00069295,0.000694604,0.001052303,,,63500,0.000685686,0.000692995,0.00069457,0.001027217,,,,,,,,,,,
609,63500,0.000684903,0.000692908,0.000694636,0.001075555,,,63500,0.000686098,0.00069304,0.000694535,0.001000936,,,,,,,,,,,
610,60000,0.000684863,0.000692903,0.000694639,0.001078,,,63500,0.000684205,0.00069283,0.000694695,0.001116957,,,,,,,,,,,
611,67000,0.000685247,0.000692946,0.000694607,0.001054635,,,63500,0.000685549,0.000692979,0.000694582,0.001035857,,,,,,,,,,,
612,65000,0.000685339,0.000692956,0.000694599,0.001048956,,,63500,0.000684868,0.000692904,0.000694639,0.001077704,,,,,,,,,,,
613,63500,0.000685269,0.000692948,0.000694605,0.001053233,,,63500,0.000684903,0.000692908,0.000694636,0.001075583,,,,,,,,,,,
614,61500,0.000685446,0.000692968,0.00069459,0.001042264,,,63500,0.000684903,0.000692908,0.000694636,0.001075555,,,,,,,,,,,
615,62000,0.000684606,0.000692875,0.000694661,0.001093341,,,63500,0.000685269,0.000692948,0.000694605,0.001053233,,,,,,,,,,,
616,63500,0.000684359,0.000692847,0.000694682,0.001107979,,,63500,0.000684359,0.000692847,0.000694682,0.001107979,,,,,,,,,,,
617,57500,0.000683689,0.000692772,0.000694739,0.001146637,,,63500,0.000684767,0.000692893,0.000694648,0.001083782,,,,,,,,,,,
618,60000,0.000684606,0.000692875,0.000694661,0.001093353,,,63500,0.00068438,0.00069285,0.00069468,0.001106729,,,,,,,,,,,
619,60000,0.000684389,0.000692851,0.00069468,0.001106192,,,63500,0.000684778,0.000692894,0.000694647,0.001083106,,,,,,,,,,,
620,55500,0.000681773,0.000692557,0.000694901,0.001250823,,,63500,0.000685195,0.00069294,0.000694611,0.001057813,,,,,,,,,,,
621,62500,0.000685534,0.000692978,0.000694583,0.001036771,,,63500,0.000685084,0.000692928,0.000694621,0.001064594,,,,,,,,,,,
622,54000,0.000681952,0.000692577,0.000694886,0.001241443,,,63500,0.000685539,0.000692978,0.000694582,0.001036498,,,,,,,,,,,
623,58000,0.000682984,0.000692693,0.000694798,0.00118598,,,63500,0.000684781,0.000692894,0.000694646,0.001082905,,,,,,,,,,,
624,61500,0.000685665,0.000692992,0.000694572,0.001028596,,,63500,0.000684258,0.000692836,0.000694691,0.001113878,,,,,,,,,,,
625,65000,0.000685924,0.000693021,0.00069455,0.001012135,,,63500,0.00068448,0.000692861,0.000694672,0.001100844,,,,,,,,,,,
626,58000,0.000684232,0.000692833,0.000694693,0.001115412,,,63500,0.000685226,0.000692944,0.000694609,0.001055891,,,,,,,,,,,
627,56000,0.000682806,0.000692673,0.000694814,0.001195736,,,63500,0.00068514,0.000692934,0.000694616,0.001061145,,,,,,,,,,,
628,63500,0.000684767,0.000692893,0.000694648,0.001083782,,,63500,0.000685961,0.000693025,0.000694547,0.00100976,,,,,,,,,,,
629,62500,0.000685079,0.000692927,0.000694621,0.001064877,,,63500,0.000685464,0.00069297,0.000694589,0.001041199,,,,,,,,,,,
630,62000,0.000685461,0.00069297,0.000694589,0.001041354,,,63500,0.000685094,0.000692929,0.00069462,0.001063993,,,,,,,,,,,
631,66000,0.000686065,0.000693036,0.000694538,0.001003037,,,63500,0.000684888,0.000692906,0.000694637,0.001076466,,,,,,,,,,,
632,61500,0.000684084,0.000692817,0.000694705,0.001123954,,,64000,0.000685976,0.000693027,0.000694546,0.001008793,,,,,,,,,,,
633,60500,0.000683572,0.000692759,0.000694749,0.001153259,,,64000,0.000684352,0.000692846,0.000694683,0.001108389,,,,,,,,,,,
634,67000,0.000685921,0.000693021,0.00069455,0.001012309,,,64000,0.000685195,0.00069294,0.000694611,0.001057815,,,,,,,,,,,
635,62500,0.000684469,0.00069286,0.000694673,0.001101456,,,64000,0.000684794,0.000692896,0.000694645,0.001082163,,,,,,,,,,,
636,67000,0.000685547,0.000692979,0.000694582,0.001035969,,,64000,0.000684676,0.000692883,0.000694655,0.001089173,,,,,,,,,,,
637,55500,0.00068295,0.00069269,0.000694801,0.00118783,,,64000,0.000684853,0.000692902,0.00069464,0.001078577,,,,,,,,,,,
638,63500,0.00068438,0.00069285,0.00069468,0.001106729,,,64000,0.000684984,0.000692917,0.000694629,0.001070697,,,,,,,,,,,
639,65500,0.000685088,0.000692928,0.00069462,0.001064327,,,64000,0.00068554,0.000692978,0.000694582,0.001036439,,,,,,,,,,,
640,60000,0.000683554,0.000692757,0.00069475,0.001154272,,,64000,0.000685589,0.000692984,0.000694578,0.001033347,,,,,,,,,,,
641,65000,0.000685484,0.000692972,0.000694587,0.001039907,,,64000,0.000685558,0.00069298,0.000694581,0.001035305,,,,,,,,,,,
642,63000,0.000685286,0.00069295,0.000694604,0.001052217,,,64000,0.000685158,0.000692936,0.000694615,0.001060085,,,,,,,,,,,
643,61500,0.000684191,0.000692829,0.000694696,0.001117753,,,64000,0.00068593,0.000693022,0.000694549,0.0010117,,,,,,,,,,,
644,67500,0.000685241,0.000692945,0.000694608,0.001054962,,,64000,0.000685567,0.000692981,0.00069458,0.001034729,,,,,,,,,,,
645,64500,0.000685999,0.000693029,0.000694544,0.001007291,,,64000,0.000685865,0.000693014,0.000694555,0.001015889,,,,,,,,,,,
646,67000,0.000685967,0.000693026,0.000694546,0.001009367,,,64000,0.000685667,0.000692993,0.000694572,0.001028432,,,,,,,,,,,
647,58000,0.000683292,0.000692728,0.000694772,0.001168928,,,64000,0.000685389,0.000692962,0.000694595,0.001045804,,,,,,,,,,,
648,57500,0.000683154,0.000692712,0.000694784,0.00117663,,,64000,0.00068573,0.000692999,0.000694566,0.001024477,,,,,,,,,,,
649,64500,0.000684269,0.000692837,0.00069469,0.001113247,,,64000,0.000685743,0.000693001,0.000694565,0.001023664,,,,,,,,,,,
650,58500,0.000683504,0.000692752,0.000694754,0.00115706,,,64000,0.000685039,0.000692923,0.000694625,0.00106731,,,,,,,,,,,
651,58000,0.000683389,0.000692739,0.000694764,0.001163527,,,64000,0.000684544,0.000692868,0.000694666,0.001097041,,,,,,,,,,,
652,64500,0.000685117,0.000692932,0.000694618,0.001062559,,,64000,0.000685231,0.000692944,0.000694608,0.001055569,,,,,,,,,,,
653,60500,0.000684363,0.000692848,0.000694682,0.00110774,,,64000,0.000685949,0.000693024,0.000694548,0.001010494,,,,,,,,,,,
654,62500,0.000684585,0.000692872,0.000694663,0.001094608,,,64000,0.000685706,0.000692997,0.000694568,0.00102598,,,,,,,,,,,
655,65000,0.000685953,0.000693024,0.000694547,0.001010275,,,64000,0.000685388,0.000692962,0.000694595,0.001045922,,,,,,,,,,,
656,58500,0.000682769,0.000692669,0.000694817,0.001197761,,,64000,0.000685596,0.000692985,0.000694578,0.001032911,,,,,,,,,,,
657,66000,0.000685382,0.000692961,0.000694596,0.001046256,,,64000,0.000685008,0.000692919,0.000694627,0.001069206,,,,,,,,,,,
658,62500,0.000683499,0.000692751,0.000694755,0.001157347,,,64000,0.000685735,0.000693,0.000694566,0.001024153,,,,,,,,,,,
659,65000,0.000684525,0.000692866,0.000694668,0.001098197,,,64000,0.000685769,0.000693004,0.000694563,0.001022021,,,,,,,,,,,
660,55500,0.000681836,0.000692564,0.000694896,0.001247542,,,64000,0.00068545,0.000692968,0.00069459,0.001042025,,,,,,,,,,,
661,62000,0.000684686,0.000692884,0.000694654,0.001088633,,,64000,0.00068545,0.000692968,0.00069459,0.001042029,,,,,,,,,,,
662,54000,0.000681923,0.000692574,0.000694888,0.001243007,,,64000,0.000685322,0.000692954,0.000694601,0.001049969,,,,,,,,,,,
663,64500,0.000684655,0.00069288,0.000694657,0.001090483,,,64000,0.000685675,0.000692993,0.000694571,0.001027965,,,,,,,,,,,
664,64500,0.000685683,0.000692994,0.00069457,0.00102745,,,64000,0.00068515,0.000692935,0.000694615,0.001060574,,,,,,,,,,,
665,63500,0.000684778,0.000692894,0.000694647,0.001083106,,,64000,0.000685844,0.000693012,0.000694557,0.001017215,,,,,,,,,,,
666,66000,0.000685762,0.000693003,0.000694564,0.001022461,,,64000,0.00068598,0.000693027,0.000694545,0.001008495,,,,,,,,,,,
667,58000,0.000683202,0.000692718,0.00069478,0.001173936,,,64000,0.000685715,0.000692998,0.000694568,0.001025389,,,,,,,,,,,
668,60000,0.000682944,0.000692689,0.000694802,0.001188213,,,64000,0.000685295,0.000692951,0.000694603,0.001051621,,,,,,,,,,,
669,66000,0.000685287,0.00069295,0.000694604,0.001052143,,,64000,0.000686003,0.00069303,0.000694543,0.001007047,,,,,,,,,,,
670,60000,0.000684728,0.000692888,0.000694651,0.001086092,,,64000,0.000684419,0.000692854,0.000694677,0.001104448,,,,,,,,,,,
671,63000,0.000684879,0.000692905,0.000694638,0.001077046,,,64000,0.000685567,0.000692981,0.00069458,0.001034744,,,,,,,,,,,
672,67500,0.000685989,0.000693028,0.000694544,0.001007941,,,64000,0.000685673,0.000692993,0.000694571,0.001028051,,,,,,,,,,,
673,61000,0.00068366,0.000692769,0.000694741,0.001148254,,,64000,0.000685543,0.000692979,0.000694582,0.001036216,,,,,,,,,,,
674,64000,0.00068515,0.000692935,0.000694615,0.001060574,,,64000,0.000685451,0.000692969,0.00069459,0.001042002,,,,,,,,,,,
675,67500,0.000685296,0.000692951,0.000694603,0.001051559,,,64000,0.000684959,0.000692914,0.000694631,0.001072188,,,,,,,,,,,
676,54500,0.000681475,0.000692523,0.000694926,0.001266287,,,64500,0.000684894,0.000692907,0.000694637,0.001076102,,,,,,,,,,,
677,66500,0.000685596,0.000692985,0.000694578,0.001032944,,,64500,0.000685124,0.000692932,0.000694617,0.001062159,,,,,,,,,,,
678,60500,0.000684602,0.000692874,0.000694662,0.0010936,,,64500,0.000685591,0.000692984,0.000694578,0.001033228,,,,,,,,,,,
679,64000,0.000685844,0.000693012,0.000694557,0.001017215,,,64500,0.000684964,0.000692914,0.000694631,0.001071912,,,,,,,,,,,
680,60500,0.000684023,0.00069281,0.00069471,0.001127485,,,64500,0.000685735,0.000693,0.000694566,0.001024138,,,,,,,,,,,
681,63000,0.00068558,0.000692983,0.000694579,0.001033909,,,64500,0.000685986,0.000693028,0.000694545,0.001008138,,,,,,,,,,,
682,59500,0.000684625,0.000692877,0.00069466,0.001092268,,,64500,0.000685403,0.000692963,0.000694594,0.001044961,,,,,,,,,,,
683,64000,0.00068598,0.000693027,0.000694545,0.001008495,,,64500,0.000686107,0.000693041,0.000694534,0.001000312,,,,,,,,,,,
684,57000,0.000684044,0.000692812,0.000694709,0.001126302,,,64500,0.000685745,0.000693001,0.000694565,0.001023546,,,,,,,,,,,
685,62500,0.000684437,0.000692856,0.000694676,0.001103387,,,64500,0.000685774,0.000693004,0.000694563,0.001021705,,,,,,,,,,,
686,59500,0.000682874,0.000692681,0.000694808,0.001192044,,,64500,0.000685686,0.000692995,0.00069457,0.001027266,,,,,,,,,,,
687,57500,0.000683795,0.000692784,0.00069473,0.001140569,,,64500,0.000685741,0.000693001,0.000694565,0.001023781,,,,,,,,,,,
688,57000,0.000682835,0.000692677,0.000694811,0.001194159,,,64500,0.000684629,0.000692877,0.000694659,0.001092008,,,,,,,,,,,
689,53500,0.000682878,0.000692682,0.000694807,0.001191773,,,64500,0.000685862,0.000693014,0.000694555,0.001016057,,,,,,,,,,,
690,57500,0.000683509,0.000692752,0.000694754,0.001156818,,,64500,0.000685014,0.00069292,0.000694627,0.00106885,,,,,,,,,,,
691,63000,0.000684921,0.00069291,0.000694635,0.001074487,,,64500,0.000685751,0.000693002,0.000694565,0.001023155,,,,,,,,,,,
692,64000,0.000685715,0.000692998,0.000694568,0.001025389,,,64500,0.000685072,0.000692926,0.000694622,0.001065344,,,,,,,,,,,
693,62500,0.000685036,0.000692923,0.000694625,0.001067505,,,64500,0.000685447,0.000692968,0.00069459,0.00104221,,,,,,,,,,,
694,57000,0.000683444,0.000692745,0.000694759,0.001160427,,,64500,0.000685087,0.000692928,0.000694621,0.001064439,,,,,,,,,,,
695,63000,0.00068484,0.000692901,0.000694641,0.001079346,,,64500,0.000685977,0.000693027,0.000694545,0.001008684,,,,,,,,,,,
696,59500,0.000684142,0.000692823,0.0006947,0.001120595,,,64500,0.00068518,0.000692938,0.000694613,0.001058745,,,,,,,,,,,
697,56000,0.000683834,0.000692789,0.000694727,0.001138369,,,64500,0.000685239,0.000692945,0.000694608,0.001055075,,,,,,,,,,,
698,52500,0.000681853,0.000692566,0.000694894,0.001246657,,,64500,0.000684313,0.000692842,0.000694686,0.001110649,,,,,,,,,,,
699,62000,0.000685014,0.00069292,0.000694627,0.001068869,,,64500,0.000684959,0.000692914,0.000694631,0.001072191,,,,,,,,,,,
700,62500,0.000684652,0.00069288,0.000694657,0.001090642,,,64500,0.000685534,0.000692978,0.000694583,0.001036822,,,,,,,,,,,
701,67500,0.000685793,0.000693006,0.000694561,0.001020478,,,64500,0.000685945,0.000693023,0.000694548,0.001010777,,,,,,,,,,,
702,66000,0.000685949,0.000693024,0.000694548,0.001010514,,,64500,0.000685391,0.000692962,0.000694595,0.001045685,,,,,,,,,,,
703,64500,0.000685661,0.000692992,0.000694572,0.001028808,,,64500,0.000685503,0.000692974,0.000694585,0.001038769,,,,,,,,,,,
704,60500,0.000685008,0.000692919,0.000694627,0.001069248,,,64500,0.000685999,0.000693029,0.000694544,0.001007291,,,,,,,,,,,
705,64000,0.000685295,0.000692951,0.000694603,0.001051621,,,64500,0.000684269,0.000692837,0.00069469,0.001113247,,,,,,,,,,,
706,55500,0.000682234,0.000692609,0.000694862,0.001226514,,,64500,0.000685117,0.000692932,0.000694618,0.001062559,,,,,,,,,,,
707,63000,0.00068257,0.000692647,0.000694834,0.001208517,,,64500,0.000684655,0.00069288,0.000694657,0.001090483,,,,,,,,,,,
708,60000,0.000684373,0.000692849,0.000694681,0.001107128,,,64500,0.000685683,0.000692994,0.00069457,0.00102745,,,,,,,,,,,
709,60500,0.000685469,0.000692971,0.000694588,0.001040888,,,64500,0.000685661,0.000692992,0.000694572,0.001028808,,,,,,,,,,,
710,50500,0.000679912,0.000692346,0.000695059,0.001344693,,,64500,0.000685772,0.000693004,0.000694563,0.001021787,,,,,,,,,,,
711,59500,0.000684822,0.000692899,0.000694643,0.001080435,,,64500,0.000685824,0.00069301,0.000694558,0.00101848,,,,,,,,,,,
712,65000,0.000685562,0.000692981,0.00069458,0.001035051,,,64500,0.000685526,0.000692977,0.000694583,0.001037284,,,,,,,,,,,
713,54000,0.000681547,0.000692531,0.00069492,0.001262608,,,64500,0.000684608,0.000692875,0.000694661,0.001093274,,,,,,,,,,,
714,59000,0.000683446,0.000692745,0.000694759,0.001160354,,,64500,0.000684721,0.000692888,0.000694651,0.001086509,,,,,,,,,,,
715,61500,0.000683573,0.000692759,0.000694749,0.001153175,,,64500,0.000685223,0.000692943,0.000694609,0.001056075,,,,,,,,,,,
716,67000,0.000685844,0.000693012,0.000694557,0.001017248,,,64500,0.000683706,0.000692774,0.000694737,0.001145642,,,,,,,,,,,
717,58000,0.000683363,0.000692736,0.000694766,0.001165005,,,64500,0.000685661,0.000692992,0.000694572,0.001028829,,,,,,,,,,,
718,60000,0.000682985,0.000692694,0.000694798,0.001185913,,,64500,0.000685206,0.000692941,0.00069461,0.00105711,,,,,,,,,,,
719,58500,0.000683008,0.000692696,0.000694796,0.001184672,,,64500,0.00068498,0.000692916,0.00069463,0.001070904,,,,,,,,,,,
720,63500,0.000685195,0.00069294,0.000694611,0.001057813,,,64500,0.000685079,0.000692927,0.000694621,0.001064924,,,,,,,,,,,
721,61000,0.000684461,0.000692859,0.000694673,0.001101946,,,64500,0.000686059,0.000693036,0.000694539,0.001003461,,,,,,,,,,,
722,57500,0.00068308,0.000692704,0.00069479,0.001180696,,,64500,0.000684932,0.000692911,0.000694634,0.00107384,,,,,,,,,,,
723,54000,0.000683168,0.000692714,0.000694783,0.001175819,,,64500,0.000685823,0.00069301,0.000694558,0.001018579,,,,,,,,,,,
724,67000,0.000685993,0.000693029,0.000694544,0.001007661,,,64500,0.000683572,0.000692759,0.000694749,0.001153236,,,,,,,,,,,
725,64500,0.000685772,0.000693004,0.000694563,0.001021787,,,64500,0.000684741,0.00069289,0.00069465,0.001085343,,,,,,,,,,,
726,60500,0.000685025,0.000692921,0.000694626,0.001068176,,,64500,0.000685405,0.000692963,0.000694594,0.001044862,,,,,,,,,,,
727,66000,0.000684099,0.000692818,0.000694704,0.001123106,,,64500,0.000685608,0.000692986,0.000694577,0.001032161,,,,,,,,,,,
728,65500,0.000685286,0.00069295,0.000694604,0.001052219,,,64500,0.000685616,0.000692987,0.000694576,0.001031662,,,,,,,,,,,
729,57000,0.000681885,0.00069257,0.000694892,0.001244989,,,64500,0.000685018,0.00069292,0.000694626,0.001068639,,,,,,,,,,,
730,61500,0.000684791,0.000692895,0.000694646,0.001082343,,,64500,0.000685477,0.000692971,0.000694588,0.001040388,,,,,,,,,,,
731,62500,0.000684142,0.000692823,0.0006947,0.001120609,,,65000,0.000684751,0.000692891,0.000694649,0.001084712,,,,,,,,,,,
732,65500,0.000685603,0.000692985,0.000694577,0.001032447,,,65000,0.000684706,0.000692886,0.000694653,0.0010874,,,,,,,,,,,
733,58000,0.000684032,0.000692811,0.00069471,0.001126992,,,65000,0.000684887,0.000692906,0.000694637,0.001076566,,,,,,,,,,,
734,57000,0.000684011,0.000692808,0.000694712,0.001128208,,,65000,0.000685741,0.000693001,0.000694565,0.001023783,,,,,,,,,,,
735,63500,0.000685084,0.000692928,0.000694621,0.001064594,,,65000,0.000686021,0.000693032,0.000694542,0.001005906,,,,,,,,,,,
736,65500,0.000685837,0.000693011,0.000694557,0.001017657,,,65000,0.00068571,0.000692997,0.000694568,0.001025753,,,,,,,,,,,
737,66500,0.000686034,0.000693033,0.000694541,0.001005041,,,65000,0.000685747,0.000693001,0.000694565,0.001023417,,,,,,,,,,,
738,65000,0.000685615,0.000692987,0.000694576,0.001031721,,,65000,0.000685012,0.00069292,0.000694627,0.001068992,,,,,,,,,,,
739,49000,0.000678852,0.000692225,0.00069515,0.001395433,,,65000,0.000685515,0.000692976,0.000694584,0.001037993,,,,,,,,,,,
740,65500,0.000684599,0.000692874,0.000694662,0.001093808,,,65000,0.000685851,0.000693013,0.000694556,0.001016791,,,,,,,,,,,
741,64500,0.000685824,0.00069301,0.000694558,0.00101848,,,65000,0.000684904,0.000692908,0.000694636,0.001075533,,,,,,,,,,,
742,63500,0.000685539,0.000692978,0.000694582,0.001036498,,,65000,0.000685484,0.000692972,0.000694587,0.001039939,,,,,,,,,,,
743,64500,0.000685526,0.000692977,0.000694583,0.001037284,,,65000,0.000685439,0.000692967,0.000694591,0.001042725,,,,,,,,,,,
744,64500,0.000684608,0.000692875,0.000694661,0.001093274,,,65000,0.000685293,0.000692951,0.000694603,0.001051801,,,,,,,,,,,
745,63500,0.000684781,0.000692894,0.000694646,0.001082905,,,65000,0.000685305,0.000692952,0.000694602,0.001051027,,,,,,,,,,,
746,60500,0.0006841,0.000692818,0.000694704,0.001123035,,,65000,0.000685895,0.000693018,0.000694552,0.001013965,,,,,,,,,,,
747,71500,0.000686052,0.000693035,0.000694539,0.001003884,,,65000,0.000685846,0.000693012,0.000694556,0.001017082,,,,,,,,,,,
748,65000,0.000685975,0.000693027,0.000694546,0.001008814,,,65000,0.000684951,0.000692913,0.000694632,0.001072673,,,,,,,,,,,
749,63500,0.000684258,0.000692836,0.000694691,0.001113878,,,65000,0.000685339,0.000692956,0.000694599,0.001048956,,,,,,,,,,,
750,63500,0.00068448,0.000692861,0.000694672,0.001100844,,,65000,0.000685924,0.000693021,0.00069455,0.001012135,,,,,,,,,,,
751,64500,0.000684721,0.000692888,0.000694651,0.001086509,,,65000,0.000685484,0.000692972,0.000694587,0.001039907,,,,,,,,,,,
752,64000,0.000686003,0.00069303,0.000694543,0.001007047,,,65000,0.000685953,0.000693024,0.000694547,0.001010275,,,,,,,,,,,
753,55000,0.000681214,0.000692494,0.000694949,0.001279715,,,65000,0.000684525,0.000692866,0.000694668,0.001098197,,,,,,,,,,,
754,61000,0.000684121,0.000692821,0.000694702,0.001121808,,,65000,0.000685562,0.000692981,0.00069458,0.001035051,,,,,,,,,,,
755,60500,0.000684668,0.000692882,0.000694656,0.001089659,,,65000,0.000685615,0.000692987,0.000694576,0.001031721,,,,,,,,,,,
756,60000,0.000684021,0.00069281,0.000694711,0.001127627,,,65000,0.000685975,0.000693027,0.000694546,0.001008814,,,,,,,,,,,
757,62000,0.000685331,0.000692955,0.0006946,0.001049439,,,65000,0.000684315,0.000692842,0.000694686,0.001110549,,,,,,,,,,,
758,70000,0.00068572,0.000692998,0.000694567,0.001025116,,,65000,0.000685967,0.000693026,0.000694546,0.001009367,,,,,,,,,,,
759,54500,0.000682082,0.000692592,0.000694875,0.001234588,,,65000,0.000684558,0.000692869,0.000694665,0.001096205,,,,,,,,,,,
760,67500,0.000685143,0.000692934,0.000694616,0.00106097,,,65000,0.000685674,0.000692993,0.000694571,0.001028022,,,,,,,,,,,
761,59500,0.000684945,0.000692912,0.000694633,0.001073013,,,65000,0.000685554,0.00069298,0.000694581,0.001035529,,,,,,,,,,,
762,62000,0.00068476,0.000692892,0.000694648,0.001084199,,,65000,0.000684821,0.000692899,0.000694643,0.001080512,,,,,,,,,,,
763,69000,0.000685983,0.000693027,0.000694545,0.001008314,,,65000,0.00068553,0.000692977,0.000694583,0.001037039,,,,,,,,,,,
764,59500,0.000684434,0.000692856,0.000694676,0.001103571,,,65000,0.000685141,0.000692934,0.000694616,0.001061087,,,,,,,,,,,
765,65500,0.000685333,0.000692956,0.0006946,0.001049291,,,65000,0.000686053,0.000693035,0.000694539,0.001003803,,,,,,,,,,,
766,65500,0.000685734,0.000693,0.000694566,0.001024193,,,65000,0.000686035,0.000693033,0.000694541,0.001004957,,,,,,,,,,,
767,62000,0.000683299,0.000692729,0.000694772,0.001168548,,,65000,0.000685571,0.000692982,0.00069458,0.0010345,,,,,,,,,,,
768,64500,0.000685223,0.000692943,0.000694609,0.001056075,,,65000,0.000685384,0.000692961,0.000694595,0.001046125,,,,,,,,,,,
769,51500,0.000680498,0.000692413,0.000695009,0.001315808,,,65500,0.000685853,0.000693013,0.000694556,0.00101668,,,,,,,,,,,
770,59500,0.000684254,0.000692836,0.000694691,0.001114094,,,65500,0.000685542,0.000692979,0.000694582,0.001036327,,,,,,,,,,,
771,60500,0.000683443,0.000692745,0.00069476,0.001160486,,,65500,0.000685795,0.000693007,0.000694561,0.001020363,,,,,,,,,,,
772,65500,0.000685582,0.000692983,0.000694579,0.001033793,,,65500,0.000686075,0.000693038,0.000694537,0.001002385,,,,,,,,,,,
773,65000,0.000684315,0.000692842,0.000694686,0.001110549,,,65500,0.000685274,0.000692949,0.000694605,0.001052946,,,,,,,,,,,
774,63000,0.000685434,0.000692967,0.000694591,0.001043045,,,65500,0.000685838,0.000693011,0.000694557,0.001017582,,,,,,,,,,,
775,64500,0.000683706,0.000692774,0.000694737,0.001145642,,,65500,0.000685716,0.000692998,0.000694567,0.001025371,,,,,,,,,,,
776,68000,0.000686091,0.000693039,0.000694536,0.001001337,,,65500,0.000684781,0.000692894,0.000694646,0.001082921,,,,,,,,,,,
777,70000,0.000685485,0.000692972,0.000694587,0.001039836,,,65500,0.000685621,0.000692987,0.000694576,0.001031369,,,,,,,,,,,
778,62500,0.00068369,0.000692773,0.000694739,0.001146573,,,65500,0.000685483,0.000692972,0.000694587,0.001039994,,,,,,,,,,,
779,66500,0.000685379,0.000692961,0.000694596,0.001046437,,,65500,0.000685346,0.000692957,0.000694599,0.001048481,,,,,,,,,,,
780,57000,0.000683556,0.000692757,0.00069475,0.001154172,,,65500,0.000685724,0.000692999,0.000694567,0.001024851,,,,,,,,,,,
781,51500,0.000679598,0.00069231,0.000695086,0.001359877,,,65500,0.00068547,0.000692971,0.000694588,0.001040802,,,,,,,,,,,
782,62000,0.00068445,0.000692857,0.000694674,0.001102615,,,65500,0.000685809,0.000693008,0.00069456,0.001019463,,,,,,,,,,,
783,65000,0.000685967,0.000693026,0.000694546,0.001009367,,,65500,0.000685633,0.000692989,0.000694574,0.001030592,,,,,,,,,,,
784,62500,0.000684752,0.000692891,0.000694649,0.001084684,,,65500,0.000685551,0.00069298,0.000694581,0.001035736,,,,,,,,,,,
785,63000,0.000685827,0.00069301,0.000694558,0.001018326,,,65500,0.000685623,0.000692988,0.000694575,0.001031235,,,,,,,,,,,
786,58000,0.000683673,0.000692771,0.00069474,0.001147513,,,65500,0.000685208,0.000692942,0.00069461,0.001056992,,,,,,,,,,,
787,57500,0.000682229,0.000692609,0.000694862,0.001226801,,,65500,0.000685378,0.00069296,0.000694596,0.001046526,,,,,,,,,,,
788,62000,0.000685588,0.000692984,0.000694578,0.001033399,,,65500,0.000685882,0.000693016,0.000694553,0.00101481,,,,,,,,,,,
789,54500,0.000682553,0.000692645,0.000694835,0.001209478,,,65500,0.000685168,0.000692937,0.000694614,0.001059473,,,,,,,,,,,
790,63000,0.000685196,0.00069294,0.000694611,0.001057763,,,65500,0.000686067,0.000693037,0.000694538,0.001002942,,,,,,,,,,,
791,64000,0.000684419,0.000692854,0.000694677,0.001104448,,,65500,0.000685702,0.000692996,0.000694569,0.001026245,,,,,,,,,,,
792,60000,0.00068484,0.000692901,0.000694641,0.001079368,,,65500,0.000685406,0.000692964,0.000694594,0.001044797,,,,,,,,,,,
793,55000,0.000683801,0.000692785,0.000694729,0.001140218,,,65500,0.000685452,0.000692969,0.00069459,0.001041903,,,,,,,,,,,
794,60500,0.000683335,0.000692733,0.000694769,0.001166531,,,65500,0.000684061,0.000692814,0.000694707,0.001125302,,,,,,,,,,,
795,67500,0.000686025,0.000693032,0.000694541,0.001005643,,,65500,0.000686004,0.00069303,0.000694543,0.001007007,,,,,,,,,,,
796,66000,0.000685744,0.000693001,0.000694565,0.001023583,,,65500,0.000685088,0.000692928,0.00069462,0.001064327,,,,,,,,,,,
797,66000,0.000685818,0.000693009,0.000694559,0.001018898,,,65500,0.000685286,0.00069295,0.000694604,0.001052219,,,,,,,,,,,
798,61500,0.000684703,0.000692886,0.000694653,0.001087579,,,65500,0.000685603,0.000692985,0.000694577,0.001032447,,,,,,,,,,,
799,56000,0.000682748,0.000692667,0.000694818,0.001198883,,,65500,0.000685837,0.000693011,0.000694557,0.001017657,,,,,,,,,,,
800,61000,0.000684621,0.000692876,0.00069466,0.001092481,,,65500,0.000684599,0.000692874,0.000694662,0.001093808,,,,,,,,,,,
801,65500,0.000685275,0.000692949,0.000694605,0.001052876,,,65500,0.000685333,0.000692956,0.0006946,0.001049291,,,,,,,,,,,
802,57500,0.000683157,0.000692713,0.000694784,0.00117644,,,65500,0.000685734,0.000693,0.000694566,0.001024193,,,,,,,,,,,
803,69000,0.000685588,0.000692984,0.000694578,0.001033396,,,65500,0.000685582,0.000692983,0.000694579,0.001033793,,,,,,,,,,,
804,61000,0.000684285,0.000692839,0.000694688,0.001112273,,,65500,0.000685275,0.000692949,0.000694605,0.001052876,,,,,,,,,,,
805,61500,0.000683612,0.000692764,0.000694745,0.001150983,,,65500,0.000685678,0.000692994,0.000694571,0.001027755,,,,,,,,,,,
806,65500,0.000685678,0.000692994,0.000694571,0.001027755,,,65500,0.000685902,0.000693018,0.000694552,0.001013528,,,,,,,,,,,
807,58500,0.000684183,0.000692828,0.000694697,0.001118224,,,65500,0.000685587,0.000692984,0.000694578,0.001033471,,,,,,,,,,,
808,65000,0.000684558,0.000692869,0.000694665,0.001096205,,,65500,0.000685151,0.000692935,0.000694615,0.001060486,,,,,,,,,,,
809,61000,0.000684434,0.000692856,0.000694676,0.001103565,,,65500,0.00068591,0.000693019,0.000694551,0.001013005,,,,,,,,,,,
810,59500,0.000684548,0.000692868,0.000694666,0.001096835,,,65500,0.00068582,0.000693009,0.000694559,0.001018757,,,,,,,,,,,
811,65500,0.000685902,0.000693018,0.000694552,0.001013528,,,65500,0.000685593,0.000692984,0.000694578,0.001033092,,,,,,,,,,,
812,59000,0.000684685,0.000692883,0.000694655,0.001088684,,,65500,0.000686087,0.000693039,0.000694536,0.001001602,,,,,,,,,,,
813,58000,0.000682806,0.000692673,0.000694814,0.00119573,,,66000,0.00068538,0.000692961,0.000694596,0.001046372,,,,,,,,,,,
814,54500,0.00068275,0.000692667,0.000694818,0.001198782,,,66000,0.000684905,0.000692908,0.000694636,0.001075476,,,,,,,,,,,
815,62500,0.000685029,0.000692922,0.000694625,0.001067919,,,66000,0.000685581,0.000692983,0.000694579,0.001033882,,,,,,,,,,,
816,67500,0.000684803,0.000692897,0.000694645,0.001081582,,,66000,0.000685563,0.000692981,0.00069458,0.001034956,,,,,,,,,,,
817,53000,0.000682762,0.000692668,0.000694817,0.001198142,,,66000,0.000685119,0.000692932,0.000694618,0.001062461,,,,,,,,,,,
818,60000,0.000684618,0.000692876,0.00069466,0.001092652,,,66000,0.000685699,0.000692996,0.000694569,0.001026407,,,,,,,,,,,
819,66500,0.000684488,0.000692862,0.000694671,0.001100366,,,66000,0.000684817,0.000692898,0.000694643,0.001080765,,,,,,,,,,,
820,58000,0.000682709,0.000692663,0.000694822,0.001200984,,,66000,0.000686066,0.000693037,0.000694538,0.001002946,,,,,,,,,,,
821,56500,0.000683637,0.000692767,0.000694743,0.001149564,,,66000,0.000685143,0.000692934,0.000694616,0.001060962,,,,,,,,,,,
822,63000,0.000685584,0.000692983,0.000694579,0.001033665,,,66000,0.000685313,0.000692953,0.000694601,0.001050519,,,,,,,,,,,
823,58000,0.000683627,0.000692765,0.000694744,0.001150158,,,66000,0.000685773,0.000693004,0.000694563,0.001021756,,,,,,,,,,,
824,62000,0.000684702,0.000692885,0.000694653,0.001087673,,,66000,0.000686076,0.000693038,0.000694537,0.001002363,,,,,,,,,,,
825,62000,0.000685785,0.000693005,0.000694562,0.001021001,,,66000,0.000685805,0.000693008,0.00069456,0.001019737,,,,,,,,,,,
826,66500,0.000685726,0.000692999,0.000694567,0.001024735,,,66000,0.00068571,0.000692997,0.000694568,0.001025761,,,,,,,,,,,
827,57000,0.000681534,0.00069253,0.000694921,0.00126325,,,66000,0.000685582,0.000692983,0.000694579,0.001033807,,,,,,,,,,,
828,65000,0.000685674,0.000692993,0.000694571,0.001028022,,,66000,0.000685967,0.000693026,0.000694546,0.001009382,,,,,,,,,,,
829,64500,0.000685661,0.000692992,0.000694572,0.001028829,,,66000,0.000685791,0.000693006,0.000694561,0.001020612,,,,,,,,,,,
830,61500,0.000683439,0.000692744,0.00069476,0.001160727,,,66000,0.000685116,0.000692931,0.000694618,0.001062664,,,,,,,,,,,
831,62000,0.000685729,0.000692999,0.000694566,0.001024526,,,66000,0.000685132,0.000692933,0.000694617,0.001061656,,,,,,,,,,,
832,58500,0.00068389,0.000692795,0.000694722,0.001135126,,,66000,0.000685718,0.000692998,0.000694567,0.00102521,,,,,,,,,,,
833,59000,0.000684181,0.000692827,0.000694697,0.001118329,,,66000,0.000685958,0.000693025,0.000694547,0.001009965,,,,,,,,,,,
834,60500,0.000683443,0.000692745,0.00069476,0.001160508,,,66000,0.000685595,0.000692985,0.000694578,0.001032963,,,,,,,,,,,
835,56000,0.000682551,0.000692645,0.000694835,0.001209533,,,66000,0.000686077,0.000693038,0.000694537,0.001002241,,,,,,,,,,,
836,62500,0.00068511,0.000692931,0.000694619,0.001062989,,,66000,0.000686005,0.00069303,0.000694543,0.001006937,,,,,,,,,,,
837,65000,0.000685554,0.00069298,0.000694581,0.001035529,,,66000,0.000686065,0.000693036,0.000694538,0.001003037,,,,,,,,,,,
838,62000,0.000685194,0.00069294,0.000694611,0.001057846,,,66000,0.000685382,0.000692961,0.000694596,0.001046256,,,,,,,,,,,
839,64500,0.000685206,0.000692941,0.00069461,0.00105711,,,66000,0.000685762,0.000693003,0.000694564,0.001022461,,,,,,,,,,,
840,65000,0.000684821,0.000692899,0.000694643,0.001080512,,,66000,0.000685287,0.00069295,0.000694604,0.001052143,,,,,,,,,,,
841,60500,0.00068414,0.000692823,0.000694701,0.001120713,,,66000,0.000685949,0.000693024,0.000694548,0.001010514,,,,,,,,,,,
842,65000,0.00068553,0.000692977,0.000694583,0.001037039,,,66000,0.000684099,0.000692818,0.000694704,0.001123106,,,,,,,,,,,
843,59000,0.000684691,0.000692884,0.000694654,0.001088334,,,66000,0.000685744,0.000693001,0.000694565,0.001023583,,,,,,,,,,,
844,60000,0.000683277,0.000692726,0.000694774,0.001169784,,,66000,0.000685818,0.000693009,0.000694559,0.001018898,,,,,,,,,,,
845,63500,0.000685226,0.000692944,0.000694609,0.001055891,,,66000,0.000685591,0.000692984,0.000694578,0.00103321,,,,,,,,,,,
846,57000,0.000683811,0.000692786,0.000694728,0.001139666,,,66000,0.000685066,0.000692926,0.000694622,0.00106568,,,,,,,,,,,
847,61500,0.000685822,0.00069301,0.000694558,0.001018608,,,66000,0.000685913,0.00069302,0.000694551,0.001012829,,,,,,,,,,,
848,61500,0.000684027,0.00069281,0.00069471,0.001127285,,,66000,0.000686035,0.000693033,0.000694541,0.00100496,,,,,,,,,,,
849,66000,0.000685591,0.000692984,0.000694578,0.00103321,,,66000,0.000686011,0.000693031,0.000694543,0.001006501,,,,,,,,,,,
850,64000,0.000685567,0.000692981,0.00069458,0.001034744,,,66500,0.00068602,0.000693031,0.000694542,0.001005965,,,,,,,,,,,
851,64000,0.000685673,0.000692993,0.000694571,0.001028051,,,66500,0.000685983,0.000693027,0.000694545,0.001008306,,,,,,,,,,,
852,60500,0.00068473,0.000692888,0.000694651,0.001085999,,,66500,0.00068596,0.000693025,0.000694547,0.001009806,,,,,,,,,,,
853,65500,0.000685587,0.000692984,0.000694578,0.001033471,,,66500,0.000686033,0.000693033,0.000694541,0.00100509,,,,,,,,,,,
854,62500,0.000685202,0.000692941,0.000694611,0.001057375,,,66500,0.000685166,0.000692937,0.000694614,0.001059594,,,,,,,,,,,
855,68000,0.000685936,0.000693022,0.000694549,0.001011369,,,66500,0.000685383,0.000692961,0.000694596,0.001046199,,,,,,,,,,,
856,54500,0.00068259,0.000692649,0.000694832,0.001207453,,,66500,0.000685843,0.000693012,0.000694557,0.001017298,,,,,,,,,,,
857,61500,0.000684484,0.000692861,0.000694672,0.001100614,,,66500,0.000685421,0.000692965,0.000694592,0.001043827,,,,,,,,,,,
858,62000,0.0006844,0.000692852,0.000694679,0.001105561,,,66500,0.000685432,0.000692966,0.000694591,0.001043158,,,,,,,,,,,
859,67000,0.000685096,0.000692929,0.00069462,0.001063853,,,66500,0.000685964,0.000693025,0.000694547,0.001009537,,,,,,,,,,,
860,62500,0.000685818,0.000693009,0.000694559,0.001018911,,,66500,0.000685239,0.000692945,0.000694608,0.001055074,,,,,,,,,,,
861,61500,0.000684372,0.000692849,0.000694681,0.001107218,,,66500,0.00068611,0.000693041,0.000694534,0.001000129,,,,,,,,,,,
862,60500,0.000685343,0.000692957,0.000694599,0.001048662,,,66500,0.00068552,0.000692976,0.000694584,0.001037688,,,,,,,,,,,
863,66500,0.000685485,0.000692972,0.000694587,0.001039842,,,66500,0.000685375,0.00069296,0.000694596,0.001046682,,,,,,,,,,,
864,55000,0.000682129,0.000692597,0.000694871,0.001232138,,,66500,0.000685315,0.000692953,0.000694601,0.001050415,,,,,,,,,,,
865,64500,0.00068498,0.000692916,0.00069463,0.001070904,,,66500,0.000685431,0.000692966,0.000694592,0.001043253,,,,,,,,,,,
866,64500,0.000685079,0.000692927,0.000694621,0.001064924,,,66500,0.000685569,0.000692982,0.00069458,0.001034596,,,,,,,,,,,
867,66500,0.000685587,0.000692984,0.000694578,0.001033509,,,66500,0.000686038,0.000693034,0.00069454,0.001004785,,,,,,,,,,,
868,55000,0.000683313,0.00069273,0.000694771,0.00116777,,,66500,0.000685299,0.000692952,0.000694603,0.001051392,,,,,,,,,,,
869,57500,0.000682546,0.000692644,0.000694836,0.001209815,,,66500,0.000685577,0.000692983,0.000694579,0.001034103,,,,,,,,,,,
870,67000,0.000685161,0.000692936,0.000694614,0.001059877,,,66500,0.000685611,0.000692986,0.000694576,0.00103197,,,,,,,,,,,
871,62500,0.000684857,0.000692903,0.00069464,0.001078325,,,66500,0.000685863,0.000693014,0.000694555,0.001016006,,,,,,,,,,,
872,65000,0.000685141,0.000692934,0.000694616,0.001061087,,,66500,0.000685624,0.000692988,0.000694575,0.00103114,,,,,,,,,,,
873,67000,0.000686037,0.000693033,0.00069454,0.001004819,,,66500,0.000685718,0.000692998,0.000694567,0.001025236,,,,,,,,,,,
874,69000,0.000685925,0.000693021,0.00069455,0.001012019,,,66500,0.000685649,0.000692991,0.000694573,0.001029556,,,,,,,,,,,
875,62000,0.000683356,0.000692735,0.000694767,0.001165385,,,66500,0.000685857,0.000693014,0.000694556,0.001016393,,,,,,,,,,,
876,64500,0.000686059,0.000693036,0.000694539,0.001003461,,,66500,0.000685596,0.000692985,0.000694578,0.001032944,,,,,,,,,,,
877,67000,0.000684713,0.000692887,0.000694652,0.001086977,,,66500,0.000686034,0.000693033,0.000694541,0.001005041,,,,,,,,,,,
878,62000,0.000684155,0.000692824,0.000694699,0.001119879,,,66500,0.000685379,0.000692961,0.000694596,0.001046437,,,,,,,,,,,
879,63500,0.00068514,0.000692934,0.000694616,0.001061145,,,66500,0.000684488,0.000692862,0.000694671,0.001100366,,,,,,,,,,,
880,59500,0.000683747,0.000692779,0.000694734,0.00114334,,,66500,0.000685726,0.000692999,0.000694567,0.001024735,,,,,,,,,,,
881,57000,0.000684169,0.000692826,0.000694698,0.001119033,,,66500,0.000685485,0.000692972,0.000694587,0.001039842,,,,,,,,,,,
882,69000,0.000685623,0.000692988,0.000694575,0.00103123,,,66500,0.000685587,0.000692984,0.000694578,0.001033509,,,,,,,,,,,
883,63000,0.000684927,0.00069291,0.000694634,0.001074155,,,66500,0.000685221,0.000692943,0.000694609,0.001056198,,,,,,,,,,,
884,60500,0.000684454,0.000692858,0.000694674,0.001102379,,,66500,0.000684931,0.000692911,0.000694634,0.001073914,,,,,,,,,,,
885,60000,0.000685116,0.000692931,0.000694618,0.001062652,,,66500,0.000685837,0.000693011,0.000694557,0.001017686,,,,,,,,,,,
886,64500,0.000684932,0.000692911,0.000694634,0.00107384,,,66500,0.000685776,0.000693005,0.000694562,0.001021543,,,,,,,,,,,
887,62000,0.000684821,0.000692899,0.000694643,0.001080528,,,66500,0.000685952,0.000693024,0.000694548,0.001010307,,,,,,,,,,,
888,66500,0.000685221,0.000692943,0.000694609,0.001056198,,,67000,0.000685631,0.000692989,0.000694575,0.001030703,,,,,,,,,,,
889,61000,0.000684152,0.000692824,0.0006947,0.001120036,,,67000,0.000685615,0.000692987,0.000694576,0.001031733,,,,,,,,,,,
890,65000,0.000686053,0.000693035,0.000694539,0.001003803,,,67000,0.000685821,0.000693009,0.000694559,0.001018705,,,,,,,,,,,
891,63500,0.000685961,0.000693025,0.000694547,0.00100976,,,67000,0.000684978,0.000692916,0.00069463,0.001071063,,,,,,,,,,,
892,65000,0.000686035,0.000693033,0.000694541,0.001004957,,,67000,0.000685866,0.000693015,0.000694555,0.001015802,,,,,,,,,,,
893,57500,0.000684535,0.000692867,0.000694667,0.001097558,,,67000,0.000685805,0.000693008,0.00069456,0.001019691,,,,,,,,,,,
894,67000,0.000685683,0.000692994,0.00069457,0.001027444,,,67000,0.000685457,0.000692969,0.000694589,0.00104163,,,,,,,,,,,
895,59000,0.000684851,0.000692902,0.00069464,0.001078685,,,67000,0.000685968,0.000693026,0.000694546,0.001009286,,,,,,,,,,,
896,55500,0.00068249,0.000692638,0.00069484,0.001212852,,,67000,0.000683971,0.000692804,0.000694715,0.001130502,,,,,,,,,,,
897,63000,0.000684679,0.000692883,0.000694655,0.001089012,,,67000,0.000685615,0.000692987,0.000694576,0.00103171,,,,,,,,,,,
898,63000,0.000684445,0.000692857,0.000694675,0.001102873,,,67000,0.000685719,0.000692998,0.000694567,0.001025184,,,,,,,,,,,
899,67500,0.000685437,0.000692967,0.000694591,0.001042844,,,67000,0.000684921,0.00069291,0.000694635,0.001074477,,,,,,,,,,,
900,60000,0.000683216,0.00069272,0.000694779,0.001173147,,,67000,0.000685768,0.000693004,0.000694563,0.001022032,,,,,,,,,,,
901,69500,0.000685983,0.000693027,0.000694545,0.001008334,,,67000,0.000685497,0.000692974,0.000694586,0.001039125,,,,,,,,,,,
902,68000,0.000685774,0.000693004,0.000694563,0.00102165,,,67000,0.000685379,0.000692961,0.000694596,0.001046458,,,,,,,,,,,
903,55500,0.000682259,0.000692612,0.00069486,0.001225232,,,67000,0.00068593,0.000693022,0.000694549,0.001011704,,,,,,,,,,,
904,66500,0.000684931,0.000692911,0.000694634,0.001073914,,,67000,0.000685247,0.000692946,0.000694607,0.001054635,,,,,,,,,,,
905,61500,0.00068502,0.000692921,0.000694626,0.001068474,,,67000,0.000685921,0.000693021,0.00069455,0.001012309,,,,,,,,,,,
906,60500,0.000683284,0.000692727,0.000694773,0.001169375,,,67000,0.000685547,0.000692979,0.000694582,0.001035969,,,,,,,,,,,
907,64500,0.000685823,0.00069301,0.000694558,0.001018579,,,67000,0.000685967,0.000693026,0.000694546,0.001009367,,,,,,,,,,,
908,64000,0.000685543,0.000692979,0.000694582,0.001036216,,,67000,0.000685844,0.000693012,0.000694557,0.001017248,,,,,,,,,,,
909,62500,0.000684749,0.000692891,0.000694649,0.001084852,,,67000,0.000685993,0.000693029,0.000694544,0.001007661,,,,,,,,,,,
910,59500,0.000684707,0.000692886,0.000694653,0.001087328,,,67000,0.000685096,0.000692929,0.00069462,0.001063853,,,,,,,,,,,
911,56500,0.000682764,0.000692669,0.000694817,0.001198001,,,67000,0.000685161,0.000692936,0.000694614,0.001059877,,,,,,,,,,,
912,63500,0.000685464,0.00069297,0.000694589,0.001041199,,,67000,0.000686037,0.000693033,0.00069454,0.001004819,,,,,,,,,,,
913,60500,0.000684988,0.000692917,0.000694629,0.001070427,,,67000,0.000684713,0.000692887,0.000694652,0.001086977,,,,,,,,,,,
914,66000,0.000685066,0.000692926,0.000694622,0.00106568,,,67000,0.000685683,0.000692994,0.00069457,0.001027444,,,,,,,,,,,
915,56500,0.000681999,0.000692583,0.000694882,0.001238999,,,67000,0.000685941,0.000693023,0.000694548,0.001011016,,,,,,,,,,,
916,58500,0.000684012,0.000692809,0.000694711,0.001128134,,,67000,0.000685441,0.000692967,0.000694591,0.001042615,,,,,,,,,,,
917,65500,0.000685151,0.000692935,0.000694615,0.001060486,,,67000,0.000685654,0.000692991,0.000694573,0.00102925,,,,,,,,,,,
918,58500,0.000682691,0.000692661,0.000694823,0.001201966,,,67500,0.000685769,0.000693004,0.000694563,0.001021968,,,,,,,,,,,
919,62000,0.000685431,0.000692966,0.000694592,0.001043256,,,67500,0.000685362,0.000692959,0.000694597,0.001047535,,,,,,,,,,,
920,62500,0.00068434,0.000692845,0.000694684,0.001109072,,,67500,0.00068589,0.000693017,0.000694553,0.001014312,,,,,,,,,,,
921,64500,0.000683572,0.000692759,0.000694749,0.001153236,,,67500,0.000685924,0.000693021,0.00069455,0.001012098,,,,,,,,,,,
922,65500,0.00068591,0.000693019,0.000694551,0.001013005,,,67500,0.000685483,0.000692972,0.000694587,0.001039983,,,,,,,,,,,
923,64000,0.000685451,0.000692969,0.00069459,0.001042002,,,67500,0.000686065,0.000693036,0.000694538,0.001003066,,,,,,,,,,,
924,72000,0.000686029,0.000693033,0.000694541,0.001005354,,,67500,0.000685349,0.000692957,0.000694598,0.00104829,,,,,,,,,,,
925,60000,0.000683888,0.000692795,0.000694722,0.001135273,,,67500,0.000685882,0.000693016,0.000694553,0.00101483,,,,,,,,,,,
926,67500,0.000685711,0.000692997,0.000694568,0.001025654,,,67500,0.00068522,0.000692943,0.000694609,0.001056244,,,,,,,,,,,
927,64500,0.000684741,0.00069289,0.00069465,0.001085343,,,67500,0.000685913,0.00069302,0.000694551,0.001012813,,,,,,,,,,,
928,57500,0.000683834,0.000692789,0.000694727,0.001138363,,,67500,0.000685663,0.000692992,0.000694572,0.001028681,,,,,,,,,,,
929,66500,0.000685837,0.000693011,0.000694557,0.001017686,,,67500,0.00068558,0.000692983,0.000694579,0.001033907,,,,,,,,,,,
930,65000,0.000685571,0.000692982,0.00069458,0.0010345,,,67500,0.000685863,0.000693014,0.000694555,0.00101603,,,,,,,,,,,
931,53500,0.000682152,0.0006926,0.000694869,0.001230907,,,67500,0.00068534,0.000692956,0.000694599,0.001048883,,,,,,,,,,,
932,53500,0.000682056,0.000692589,0.000694877,0.001235954,,,67500,0.000685874,0.000693015,0.000694554,0.001015293,,,,,,,,,,,
933,58000,0.000683383,0.000692738,0.000694765,0.001163882,,,67500,0.000686075,0.000693038,0.000694537,0.001002393,,,,,,,,,,,
934,59500,0.000684092,0.000692817,0.000694705,0.001123504,,,67500,0.000686036,0.000693033,0.00069454,0.001004917,,,,,,,,,,,
935,61000,0.000684403,0.000692852,0.000694678,0.001105391,,,67500,0.000685708,0.000692997,0.000694568,0.001025832,,,,,,,,,,,
936,64500,0.000685405,0.000692963,0.000694594,0.001044862,,,67500,0.000685849,0.000693013,0.000694556,0.001016905,,,,,,,,,,,
937,69000,0.000686084,0.000693039,0.000694536,0.001001814,,,67500,0.000685505,0.000692975,0.000694585,0.001038638,,,,,,,,,,,
938,55500,0.000683379,0.000692738,0.000694765,0.001164096,,,67500,0.000685805,0.000693008,0.00069456,0.001019724,,,,,,,,,,,
939,63500,0.000685094,0.000692929,0.00069462,0.001063993,,,67500,0.000685241,0.000692945,0.000694608,0.001054962,,,,,,,,,,,
940,65000,0.000685384,0.000692961,0.000694595,0.001046125,,,67500,0.000685989,0.000693028,0.000694544,0.001007941,,,,,,,,,,,
941,58500,0.000682834,0.000692677,0.000694811,0.001194208,,,67500,0.000685296,0.000692951,0.000694603,0.001051559,,,,,,,,,,,
942,62500,0.000685771,0.000693004,0.000694563,0.001021843,,,67500,0.000685793,0.000693006,0.000694561,0.001020478,,,,,,,,,,,
943,64500,0.000685608,0.000692986,0.000694577,0.001032161,,,67500,0.000685143,0.000692934,0.000694616,0.00106097,,,,,,,,,,,
944,64500,0.000685616,0.000692987,0.000694576,0.001031662,,,67500,0.000686025,0.000693032,0.000694541,0.001005643,,,,,,,,,,,
945,59500,0.00068341,0.000692741,0.000694762,0.001162368,,,67500,0.000684803,0.000692897,0.000694645,0.001081582,,,,,,,,,,,
946,56500,0.000683155,0.000692713,0.000694784,0.001176538,,,67500,0.000685437,0.000692967,0.000694591,0.001042844,,,,,,,,,,,
947,63000,0.000685109,0.000692931,0.000694619,0.001063067,,,67500,0.000685711,0.000692997,0.000694568,0.001025654,,,,,,,,,,,
948,61000,0.000685564,0.000692981,0.00069458,0.001034936,,,68000,0.000685808,0.000693008,0.00069456,0.001019528,,,,,,,,,,,
949,60000,0.000685432,0.000692967,0.000694591,0.001043134,,,68000,0.000686038,0.000693034,0.00069454,0.001004766,,,,,,,,,,,
950,67000,0.000685941,0.000693023,0.000694548,0.001011016,,,68000,0.000685947,0.000693023,0.000694548,0.001010655,,,,,,,,,,,
951,66000,0.000685913,0.00069302,0.000694551,0.001012829,,,68000,0.000685719,0.000692998,0.000694567,0.001025173,,,,,,,,,,,
952,50500,0.000679976,0.000692353,0.000695054,0.001341524,,,68000,0.000685739,0.000693,0.000694566,0.0010239,,,,,,,,,,,
953,62000,0.000684703,0.000692886,0.000694653,0.001087571,,,68000,0.000685366,0.000692959,0.000694597,0.001047254,,,,,,,,,,,
954,62000,0.000685323,0.000692954,0.000694601,0.001049934,,,68000,0.00068476,0.000692892,0.000694648,0.001084209,,,,,,,,,,,
955,59000,0.000683084,0.000692705,0.00069479,0.00118047,,,68000,0.000685891,0.000693017,0.000694553,0.001014218,,,,,,,,,,,
956,61500,0.000685127,0.000692933,0.000694617,0.001061962,,,68000,0.000685854,0.000693013,0.000694556,0.001016575,,,,,,,,,,,
957,53000,0.00067956,0.000692306,0.000695089,0.001361748,,,68000,0.000686091,0.000693039,0.000694536,0.001001343,,,,,,,,,,,
958,56500,0.000681563,0.000692533,0.000694919,0.001261746,,,68000,0.000685632,0.000692989,0.000694575,0.001030665,,,,,,,,,,,
959,60000,0.000684837,0.0006929,0.000694642,0.001079534,,,68000,0.000686091,0.000693039,0.000694536,0.001001337,,,,,,,,,,,
960,62500,0.000684296,0.00069284,0.000694687,0.001111658,,,68000,0.000685936,0.000693022,0.000694549,0.001011369,,,,,,,,,,,
961,67000,0.000685441,0.000692967,0.000694591,0.001042615,,,68000,0.000685774,0.000693004,0.000694563,0.00102165,,,,,,,,,,,
962,59500,0.000684288,0.000692839,0.000694688,0.001112129,,,68500,0.000686059,0.000693036,0.000694539,0.001003426,,,,,,,,,,,
963,62500,0.00068498,0.000692916,0.00069463,0.001070924,,,68500,0.000685581,0.000692983,0.000694579,0.001033885,,,,,,,,,,,
964,64000,0.000684959,0.000692914,0.000694631,0.001072188,,,68500,0.000685715,0.000692998,0.000694568,0.001025441,,,,,,,,,,,
965,55000,0.000680773,0.000692444,0.000694986,0.001302059,,,68500,0.000686089,0.000693039,0.000694536,0.001001521,,,,,,,,,,,
966,55000,0.000682784,0.000692671,0.000694815,0.001196926,,,68500,0.000685704,0.000692997,0.000694569,0.001026139,,,,,,,,,,,
967,65500,0.00068582,0.000693009,0.000694559,0.001018757,,,68500,0.000685393,0.000692962,0.000694595,0.001045576,,,,,,,,,,,
968,58000,0.000681892,0.000692571,0.000694891,0.001244592,,,68500,0.000685546,0.000692979,0.000694582,0.001036061,,,,,,,,,,,
969,63000,0.000685566,0.000692981,0.00069458,0.001034813,,,68500,0.000686056,0.000693035,0.000694539,0.001003622,,,,,,,,,,,
970,61500,0.00068487,0.000692904,0.000694639,0.00107759,,,68500,0.000686104,0.000693041,0.000694535,0.001000531,,,,,,,,,,,
971,62000,0.000684495,0.000692862,0.000694671,0.001099946,,,68500,0.00068586,0.000693014,0.000694555,0.001016193,,,,,,,,,,,
972,62000,0.000684694,0.000692885,0.000694654,0.001088108,,,68500,0.000685757,0.000693002,0.000694564,0.001022755,,,,,,,,,,,
973,67000,0.000685654,0.000692991,0.000694573,0.00102925,,,69000,0.000685976,0.000693027,0.000694546,0.001008784,,,,,,,,,,,
974,64500,0.000685018,0.00069292,0.000694626,0.001068639,,,69000,0.000685946,0.000693023,0.000694548,0.001010697,,,,,,,,,,,
975,65500,0.000685593,0.000692984,0.000694578,0.001033092,,,69000,0.000686077,0.000693038,0.000694537,0.001002263,,,,,,,,,,,
976,59500,0.000683767,0.000692781,0.000694732,0.001142194,,,69000,0.000685592,0.000692984,0.000694578,0.001033166,,,,,,,,,,,
977,57000,0.000682362,0.000692623,0.000694851,0.001219737,,,69000,0.00068581,0.000693008,0.00069456,0.001019382,,,,,,,,,,,
978,63000,0.000685072,0.000692927,0.000694622,0.001065322,,,69000,0.000685983,0.000693027,0.000694545,0.001008314,,,,,,,,,,,
979,60500,0.000682914,0.000692686,0.000694804,0.001189819,,,69000,0.000685588,0.000692984,0.000694578,0.001033396,,,,,,,,,,,
980,59500,0.000684017,0.000692809,0.000694711,0.001127844,,,69000,0.000685925,0.000693021,0.00069455,0.001012019,,,,,,,,,,,
981,56500,0.000682287,0.000692615,0.000694858,0.001223697,,,69000,0.000685623,0.000692988,0.000694575,0.00103123,,,,,,,,,,,
982,63500,0.000684888,0.000692906,0.000694637,0.001076466,,,69000,0.000686084,0.000693039,0.000694536,0.001001814,,,,,,,,,,,
983,63000,0.000685064,0.000692926,0.000694622,0.001065795,,,69500,0.000685879,0.000693016,0.000694554,0.001015016,,,,,,,,,,,
984,64500,0.000685477,0.000692971,0.000694588,0.001040388,,,69500,0.000685869,0.000693015,0.000694555,0.001015624,,,,,,,,,,,
985,56500,0.000683392,0.000692739,0.000694764,0.001163348,,,69500,0.00068564,0.00069299,0.000694574,0.001030122,,,,,,,,,,,
986,66000,0.000686035,0.000693033,0.000694541,0.00100496,,,69500,0.000686085,0.000693039,0.000694536,0.001001743,,,,,,,,,,,
987,62000,0.00068497,0.000692915,0.00069463,0.001071507,,,69500,0.000685983,0.000693027,0.000694545,0.001008334,,,,,,,,,,,
988,65500,0.000686087,0.000693039,0.000694536,0.001001602,,,70000,0.000686112,0.000693042,0.000694534,0.001000012,,,,,,,,,,,
989,61000,0.000683236,0.000692722,0.000694777,0.001172057,,,70000,0.000686069,0.000693037,0.000694538,0.001002774,,,,,,,,,,,
990,66500,0.000685776,0.000693005,0.000694562,0.001021543,,,70000,0.000686106,0.000693041,0.000694535,0.001000379,,,,,,,,,,,
991,66000,0.000686011,0.000693031,0.000694543,0.001006501,,,70000,0.000685999,0.000693029,0.000694544,0.001007324,,,,,,,,,,,
992,62000,0.000685474,0.000692971,0.000694588,0.001040574,,,70000,0.00068596,0.000693025,0.000694547,0.001009833,,,,,,,,,,,
993,62500,0.000685277,0.000692949,0.000694604,0.00105274,,,70000,0.00068572,0.000692998,0.000694567,0.001025116,,,,,,,,,,,
994,61000,0.000683829,0.000692788,0.000694727,0.001138643,,,70000,0.000685485,0.000692972,0.000694587,0.001039836,,,,,,,,,,,
995,61500,0.000684363,0.000692848,0.000694682,0.001107693,,,70500,0.000686055,0.000693035,0.000694539,0.001003663,,,,,,,,,,,
996,57000,0.000681988,0.000692581,0.000694883,0.00123955,,,71000,0.000686084,0.000693039,0.000694536,0.001001836,,,,,,,,,,,
997,57000,0.000684314,0.000692842,0.000694686,0.001110602,,,71500,0.000686052,0.000693035,0.000694539,0.001003884,,,,,,,,,,,
998,61500,0.000684153,0.000692824,0.000694699,0.001119965,,,72000,0.000685364,0.000692959,0.000694597,0.001047367,,,,,,,,,,,
999,66500,0.000685952,0.000693024,0.000694548,0.001010307,,,72000,0.000686029,0.000693033,0.000694541,0.001005354,,,,,,,,,,,
